action_type,activity_comment,activity_id,activity_properties,assay_chembl_id,assay_description,assay_type,assay_variant_accession,assay_variant_mutation,bao_endpoint,bao_format,bao_label,canonical_smiles,data_validity_comment,data_validity_description,document_chembl_id,document_journal,document_year,ligand_efficiency,molecule_chembl_id,molecule_pref_name,parent_molecule_chembl_id,pchembl_value,potential_duplicate,qudt_units,record_id,relation,src_id,standard_flag,standard_relation,standard_text_value,standard_type,standard_units,standard_upper_value,standard_value,target_chembl_id,target_organism,target_pref_name,target_tax_id,text_value,toid,type,units,uo_units,upper_value,value
,,2137123,[],CHEMBL940168,Inhibition of CaM-KKbeta,B,,,BAO_0000190,BAO_0000357,single protein format,O=C(O)c1cc(NCc2cc(O)ccc2O)ccc1O,,,CHEMBL1145498,Proc Natl Acad Sci U S A,2007,"{'bei': '24.34', 'le': '0.46', 'lle': '4.59', 'sei': '6.09'}",CHEMBL319620,LAVENDUSTIN C,CHEMBL319620,6.70,0,http://www.openphacts.org/units/Nanomolar,705212,=,1,1,=,,IC50,nM,,200.0,CHEMBL5284,Homo sapiens,CaM-kinase kinase beta,9606,,,IC50,nM,UO_0000065,,200.0
,,2137359,[],CHEMBL940168,Inhibition of CaM-KKbeta,B,,,BAO_0000190,BAO_0000357,single protein format,CC(=O)O.O=C(O)c1ccc2c3c1cccc3c(=O)n1c3ccccc3nc21,,,CHEMBL1145498,Proc Natl Acad Sci U S A,2007,,CHEMBL265470,,CHEMBL1182777,,0,http://www.openphacts.org/units/MicrogramPerMilliliter,705270,=,1,1,=,,IC50,ug.mL-1,,0.04,CHEMBL5284,Homo sapiens,CaM-kinase kinase beta,9606,,,IC50,ng/ml,UO_0000274,,40.0
"{'action_type': 'ANTAGONIST', 'description': 'Binds to a receptor and prevents activation by an agonist through competing for the binding site', 'parent_type': 'NEGATIVE MODULATOR'}",Antagonist,2897276,[],CHEMBL1051267,Inhibition of CAMKKbeta in the presence of 20uM ATP,B,,,BAO_0000190,BAO_0000357,single protein format,CC(=O)O.O=C(O)c1ccc2c3c1cccc3c(=O)n1c3ccccc3nc21,,,CHEMBL1150976,Biochem J,2007,"{'bei': '25.45', 'le': '0.46', 'lle': '4.71', 'sei': '11.16'}",CHEMBL265470,,CHEMBL1182777,8.00,0,http://www.openphacts.org/units/Nanomolar,845274,=,1,1,=,,IC50,nM,,10.0,CHEMBL5284,Homo sapiens,CaM-kinase kinase beta,9606,,,IC50,uM,UO_0000065,,0.01
,,6274565,[],CHEMBL1806284,Inhibition of CAMKKbeta,B,,,BAO_0000190,BAO_0000357,single protein format,CC(C)c1cnn2c(NCc3ccccc3)cc(N[C@@H](CO)[C@H](O)CO)nc12,,,CHEMBL1800061,J Med Chem,2010,"{'bei': '14.56', 'le': '0.27', 'lle': '4.02', 'sei': '4.88'}",CHEMBL1234833,,CHEMBL1234833,5.61,0,http://www.openphacts.org/units/Nanomolar,1441227,=,1,1,=,,IC50,nM,,2450.0,CHEMBL5284,Homo sapiens,CaM-kinase kinase beta,9606,,,IC50,nmol/L,UO_0000065,,2450.0
,,12183914,[],CHEMBL2211051,Inhibition of CAMKK2,B,,,BAO_0000190,BAO_0000357,single protein format,CC(C)(C)NS(=O)(=O)c1cncc(-c2ccn3nc(N)nc3c2)c1,,,CHEMBL2203257,Bioorg Med Chem Lett,2012,,CHEMBL2205766,,CHEMBL2205766,,0,http://www.openphacts.org/units/Nanomolar,1759115,<,1,1,>,,IC50,nM,,10000.0,CHEMBL5284,Homo sapiens,CaM-kinase kinase beta,9606,,,pIC50,,UO_0000065,,5.0
,,13490915,[],CHEMBL2446680,Inhibition of CAMKK2 (unknown origin),B,,,BAO_0000190,BAO_0000357,single protein format,CCc1ccc2nc(Nc3cc(Cc4ccccc4)nc(N[C@H]4CC[C@H](O)CC4)n3)sc2c1,,,CHEMBL2440060,ACS Med Chem Lett,2013,"{'bei': '14.58', 'le': '0.28', 'lle': '1.00', 'sei': '8.08'}",CHEMBL2441273,,CHEMBL2441273,6.70,0,http://www.openphacts.org/units/Nanomolar,1927543,=,1,1,=,,IC50,nM,,199.53,CHEMBL5284,Homo sapiens,CaM-kinase kinase beta,9606,,,pIC50,,UO_0000065,,6.7
,,16431759,[],CHEMBL3748651,Inhibition of human CAMKK2 using MBP as substrate,B,,,BAO_0000190,BAO_0000357,single protein format,Cn1c(=O)c(S(=O)(=O)c2ccc(F)cc2F)cc2cnc(Nc3ccc4[nH]ccc4c3)nc21,,,CHEMBL3745707,Bioorg Med Chem,2016,,CHEMBL3745885,,CHEMBL3745885,,0,http://www.openphacts.org/units/Nanomolar,2741358,>,1,1,>,,IC50,nM,,10000.0,CHEMBL5284,Homo sapiens,CaM-kinase kinase beta,9606,,,IC50,uM,UO_0000065,,10.0
,,16568749,[],CHEMBL3804022,Inhibition of full length recombinant human CaMKK2 expressed in insect Sf21 cells in presence of 2 uM CaM/[gamma32P]ATP by liquid scintillation counting analysis,B,,,BAO_0000190,BAO_0000219,cell-based format,COc1cccc(CN(CCN(CCN(C)C)Cc2ccccc2)Cc2ccccc2)c1,,,CHEMBL3797092,Eur J Med Chem,2016,"{'bei': '10.18', 'le': '0.19', 'lle': '-0.37', 'sei': '23.19'}",CHEMBL3798296,,CHEMBL3798296,4.39,0,http://www.openphacts.org/units/Nanomolar,2773198,=,1,1,=,,IC50,nM,,40400.0,CHEMBL5284,Homo sapiens,CaM-kinase kinase beta,9606,,,IC50,uM,UO_0000065,,40.4
,,18031637,[],CHEMBL4007691,Inhibition of CAMKK2 (unknown origin) after 60 mins by TR-FRET assay,B,,,BAO_0000190,BAO_0000357,single protein format,CC1(C)OCC(=O)Nc2cc(Nc3nc(NCC(F)(F)F)c4occc4n3)ccc21,,,CHEMBL4007384,Bioorg Med Chem Lett,2016,"{'bei': '13.57', 'le': '0.26', 'lle': '1.58', 'sei': '5.65'}",CHEMBL4069365,,CHEMBL4069365,5.72,0,http://www.openphacts.org/units/Nanomolar,2987739,=,1,1,=,,IC50,nM,,1910.0,CHEMBL5284,Homo sapiens,CaM-kinase kinase beta,9606,,,IC50,uM,UO_0000065,,1.91
,,18112100,[],CHEMBL4024294,Inhibition of recombinant human full length C-terminal 6His-tagged CaMKK2 expressed in baculovirus infected sf21 cells,B,,,BAO_0000190,BAO_0000219,cell-based format,CN(C)C(=O)c1cc2cnc(Nc3ccc(NC(=O)CCCCCCC(=O)NO)cc3)nc2n1C1CCCC1,,,CHEMBL4020842,J Med Chem,2018,"{'bei': '13.58', 'le': '0.25', 'lle': '2.50', 'sei': '5.14'}",CHEMBL4063500,,CHEMBL4063500,7.28,0,http://www.openphacts.org/units/Nanomolar,3003458,=,1,1,=,,IC50,nM,,53.0,CHEMBL5284,Homo sapiens,CaM-kinase kinase beta,9606,,,IC50,uM,UO_0000065,,0.053
,,18143373,[],CHEMBL4031766,Inhibition of CAMKK2 in human HCT116 cell lysate after 1 hr by LC-MS/MS analysis relative to control,B,,,BAO_0000190,BAO_0000019,assay format,CNC(=O)c1ccc(Nc2nc(OC3CCCC3)c3c(-c4ccc5nc(C)oc5c4)c[nH]c3n2)c(OC)c1,,,CHEMBL4028873,J Med Chem,2017,"{'bei': '12.03', 'le': '0.22', 'lle': '0.66', 'sei': '4.85'}",CHEMBL4062218,,CHEMBL4062218,6.17,0,http://www.openphacts.org/units/Nanomolar,3009653,=,1,1,=,,IC50,nM,,680.0,CHEMBL5284,Homo sapiens,CaM-kinase kinase beta,9606,,,IC50,uM,UO_0000065,,0.68
,,18287186,[],CHEMBL4121728,Inhibition of full-length human GST-tagged CAMKK2 using 5FAM-AKPKGNKDYHLQTCCGSLAYRRR-amide as substrate preincubated for 30 mins followed by substrate addition measured after 120 mins by fluorescence polarization assay,B,,,BAO_0000190,BAO_0000357,single protein format,O=C(O)c1ccc(-c2c[nH]c3ncc(-c4ccccc4)cc23)cc1C1CCCC1,,,CHEMBL4118126,Bioorg Med Chem Lett,2018,"{'bei': '21.18', 'le': '0.38', 'lle': '1.85', 'sei': '12.28'}",CHEMBL558642,GSK-650394,CHEMBL558642,8.10,0,http://www.openphacts.org/units/Nanomolar,3035367,=,1,1,=,,IC50,nM,,7.943,CHEMBL5284,Homo sapiens,CaM-kinase kinase beta,9606,,,pIC50,,UO_0000065,9.2,8.1
,,18287187,[],CHEMBL4121728,Inhibition of full-length human GST-tagged CAMKK2 using 5FAM-AKPKGNKDYHLQTCCGSLAYRRR-amide as substrate preincubated for 30 mins followed by substrate addition measured after 120 mins by fluorescence polarization assay,B,,,BAO_0000190,BAO_0000357,single protein format,CC(C)Cc1cc(-c2c[nH]c3ncc(-c4ccccc4)cc23)ccc1C(=O)O,,,CHEMBL4118126,Bioorg Med Chem Lett,2018,"{'bei': '20.52', 'le': '0.37', 'lle': '1.81', 'sei': '11.52'}",CHEMBL564555,,CHEMBL564555,7.60,0,http://www.openphacts.org/units/Nanomolar,3035368,=,1,1,=,,IC50,nM,,25.12,CHEMBL5284,Homo sapiens,CaM-kinase kinase beta,9606,,,pIC50,,UO_0000065,8.3,7.6
,,18287188,[],CHEMBL4121728,Inhibition of full-length human GST-tagged CAMKK2 using 5FAM-AKPKGNKDYHLQTCCGSLAYRRR-amide as substrate preincubated for 30 mins followed by substrate addition measured after 120 mins by fluorescence polarization assay,B,,,BAO_0000190,BAO_0000357,single protein format,CC(C)c1cc(-c2c[nH]c3ncc(-c4ccccc4)cc23)ccc1C(=O)O,,,CHEMBL4118126,Bioorg Med Chem Lett,2018,"{'bei': '23.57', 'le': '0.42', 'lle': '2.68', 'sei': '12.73'}",CHEMBL4127245,,CHEMBL4127245,8.40,0,http://www.openphacts.org/units/Nanomolar,3035369,=,1,1,=,,IC50,nM,,3.981,CHEMBL5284,Homo sapiens,CaM-kinase kinase beta,9606,,,pIC50,,UO_0000065,,8.4
,,18287189,[],CHEMBL4121728,Inhibition of full-length human GST-tagged CAMKK2 using 5FAM-AKPKGNKDYHLQTCCGSLAYRRR-amide as substrate preincubated for 30 mins followed by substrate addition measured after 120 mins by fluorescence polarization assay,B,,,BAO_0000190,BAO_0000357,single protein format,CCc1cc(-c2c[nH]c3ncc(-c4ccccc4)cc23)ccc1C(=O)O,,,CHEMBL4118126,Bioorg Med Chem Lett,2018,"{'bei': '22.49', 'le': '0.40', 'lle': '2.54', 'sei': '11.67'}",CHEMBL550110,,CHEMBL550110,7.70,0,http://www.openphacts.org/units/Nanomolar,3035370,=,1,1,=,,IC50,nM,,19.95,CHEMBL5284,Homo sapiens,CaM-kinase kinase beta,9606,,,pIC50,,UO_0000065,,7.7
,,18287190,[],CHEMBL4121728,Inhibition of full-length human GST-tagged CAMKK2 using 5FAM-AKPKGNKDYHLQTCCGSLAYRRR-amide as substrate preincubated for 30 mins followed by substrate addition measured after 120 mins by fluorescence polarization assay,B,,,BAO_0000190,BAO_0000357,single protein format,Cc1cc(-c2c[nH]c3ncc(-c4ccccc4)cc23)ccc1C(=O)O,,,CHEMBL4118126,Bioorg Med Chem Lett,2018,"{'bei': '22.23', 'le': '0.40', 'lle': '2.40', 'sei': '11.06'}",CHEMBL4128483,,CHEMBL4128483,7.30,0,http://www.openphacts.org/units/Nanomolar,3035371,=,1,1,=,,IC50,nM,,50.12,CHEMBL5284,Homo sapiens,CaM-kinase kinase beta,9606,,,pIC50,,UO_0000065,,7.3
,,18287191,[],CHEMBL4121728,Inhibition of full-length human GST-tagged CAMKK2 using 5FAM-AKPKGNKDYHLQTCCGSLAYRRR-amide as substrate preincubated for 30 mins followed by substrate addition measured after 120 mins by fluorescence polarization assay,B,,,BAO_0000190,BAO_0000357,single protein format,O=C(O)c1ccc(-c2c[nH]c3ncc(-c4ccccc4)cc23)cc1,,,CHEMBL4118126,Bioorg Med Chem Lett,2018,"{'bei': '21.31', 'le': '0.38', 'lle': '2.10', 'sei': '10.15'}",CHEMBL550795,,CHEMBL550795,6.70,0,http://www.openphacts.org/units/Nanomolar,3035372,=,1,1,=,,IC50,nM,,199.53,CHEMBL5284,Homo sapiens,CaM-kinase kinase beta,9606,,,pIC50,,UO_0000065,,6.7
,,18287192,[],CHEMBL4121728,Inhibition of full-length human GST-tagged CAMKK2 using 5FAM-AKPKGNKDYHLQTCCGSLAYRRR-amide as substrate preincubated for 30 mins followed by substrate addition measured after 120 mins by fluorescence polarization assay,B,,,BAO_0000190,BAO_0000357,single protein format,c1ccc(-c2cnc3[nH]cc(-c4ccc(-n5cnnn5)cc4)c3c2)cc1,,,CHEMBL4118126,Bioorg Med Chem Lett,2018,"{'bei': '18.91', 'le': '0.34', 'lle': '2.53', 'sei': '8.85'}",CHEMBL4129709,,CHEMBL4129709,6.40,0,http://www.openphacts.org/units/Nanomolar,3035373,=,1,1,=,,IC50,nM,,398.11,CHEMBL5284,Homo sapiens,CaM-kinase kinase beta,9606,,,pIC50,,UO_0000065,,6.4
,,18287193,[],CHEMBL4121728,Inhibition of full-length human GST-tagged CAMKK2 using 5FAM-AKPKGNKDYHLQTCCGSLAYRRR-amide as substrate preincubated for 30 mins followed by substrate addition measured after 120 mins by fluorescence polarization assay,B,,,BAO_0000190,BAO_0000357,single protein format,COC(=O)c1ccc(-c2c[nH]c3ncc(-c4ccccc4)cc23)cc1,,,CHEMBL4118126,Bioorg Med Chem Lett,2018,"{'bei': '17.97', 'le': '0.32', 'lle': '1.22', 'sei': '10.73'}",CHEMBL564824,,CHEMBL564824,5.90,0,http://www.openphacts.org/units/Nanomolar,3035374,=,1,1,=,,IC50,nM,,1258.93,CHEMBL5284,Homo sapiens,CaM-kinase kinase beta,9606,,,pIC50,,UO_0000065,,5.9
,,18287194,[],CHEMBL4121728,Inhibition of full-length human GST-tagged CAMKK2 using 5FAM-AKPKGNKDYHLQTCCGSLAYRRR-amide as substrate preincubated for 30 mins followed by substrate addition measured after 120 mins by fluorescence polarization assay,B,,,BAO_0000190,BAO_0000357,single protein format,O=C(O)c1ccc(-c2c[nH]c3ncc(-c4ccccc4Oc4ccccc4)cc23)cc1,,,CHEMBL4118126,Bioorg Med Chem Lett,2018,"{'bei': '17.96', 'le': '0.32', 'lle': '0.91', 'sei': '9.71'}",CHEMBL4126272,,CHEMBL4126272,7.30,0,http://www.openphacts.org/units/Nanomolar,3035375,=,1,1,=,,IC50,nM,,50.12,CHEMBL5284,Homo sapiens,CaM-kinase kinase beta,9606,,,pIC50,,UO_0000065,,7.3
,,18287195,[],CHEMBL4121728,Inhibition of full-length human GST-tagged CAMKK2 using 5FAM-AKPKGNKDYHLQTCCGSLAYRRR-amide as substrate preincubated for 30 mins followed by substrate addition measured after 120 mins by fluorescence polarization assay,B,,,BAO_0000190,BAO_0000357,single protein format,NC(=O)c1ccc(-c2c[nH]c3ncc(-c4ccccc4Oc4ccccc4)cc23)cc1,,,CHEMBL4118126,Bioorg Med Chem Lett,2018,"{'bei': '17.26', 'le': '0.31', 'lle': '1.21', 'sei': '8.64'}",CHEMBL4130255,,CHEMBL4130255,7.00,0,http://www.openphacts.org/units/Nanomolar,3035376,=,1,1,=,,IC50,nM,,100.0,CHEMBL5284,Homo sapiens,CaM-kinase kinase beta,9606,,,pIC50,,UO_0000065,,7.0
,,18287196,[],CHEMBL4121728,Inhibition of full-length human GST-tagged CAMKK2 using 5FAM-AKPKGNKDYHLQTCCGSLAYRRR-amide as substrate preincubated for 30 mins followed by substrate addition measured after 120 mins by fluorescence polarization assay,B,,,BAO_0000190,BAO_0000357,single protein format,CS(=O)(=O)c1cccc(-c2cnc3[nH]cc(-c4ccc(C(=O)O)cc4)c3c2)c1,,,CHEMBL4118126,Bioorg Med Chem Lett,2018,"{'bei': '17.58', 'le': '0.34', 'lle': '2.90', 'sei': '6.89'}",CHEMBL546682,,CHEMBL546682,6.90,0,http://www.openphacts.org/units/Nanomolar,3035377,=,1,1,=,,IC50,nM,,125.89,CHEMBL5284,Homo sapiens,CaM-kinase kinase beta,9606,,,pIC50,,UO_0000065,,6.9
,,18287197,[],CHEMBL4121728,Inhibition of full-length human GST-tagged CAMKK2 using 5FAM-AKPKGNKDYHLQTCCGSLAYRRR-amide as substrate preincubated for 30 mins followed by substrate addition measured after 120 mins by fluorescence polarization assay,B,,,BAO_0000190,BAO_0000357,single protein format,CS(=O)(=O)c1cccc(-c2cnc3[nH]cc(-c4ccc(C(N)=O)cc4)c3c2)c1,,,CHEMBL4118126,Bioorg Med Chem Lett,2018,"{'bei': '17.12', 'le': '0.33', 'lle': '3.30', 'sei': '6.33'}",CHEMBL4127706,,CHEMBL4127706,6.70,0,http://www.openphacts.org/units/Nanomolar,3035378,=,1,1,=,,IC50,nM,,199.53,CHEMBL5284,Homo sapiens,CaM-kinase kinase beta,9606,,,pIC50,,UO_0000065,,6.7
,,18287198,[],CHEMBL4121728,Inhibition of full-length human GST-tagged CAMKK2 using 5FAM-AKPKGNKDYHLQTCCGSLAYRRR-amide as substrate preincubated for 30 mins followed by substrate addition measured after 120 mins by fluorescence polarization assay,B,,,BAO_0000190,BAO_0000357,single protein format,COc1ccccc1-c1cnc2[nH]cc(-c3ccc(C(N)=O)c(C4CCCC4)c3)c2c1,,,CHEMBL4118126,Bioorg Med Chem Lett,2018,"{'bei': '16.28', 'le': '0.30', 'lle': '1.04', 'sei': '8.27'}",CHEMBL4126332,,CHEMBL4126332,6.70,0,http://www.openphacts.org/units/Nanomolar,3035379,=,1,1,=,,IC50,nM,,199.53,CHEMBL5284,Homo sapiens,CaM-kinase kinase beta,9606,,,pIC50,,UO_0000065,7.3,6.7
,,18287266,[],CHEMBL4121728,Inhibition of full-length human GST-tagged CAMKK2 using 5FAM-AKPKGNKDYHLQTCCGSLAYRRR-amide as substrate preincubated for 30 mins followed by substrate addition measured after 120 mins by fluorescence polarization assay,B,,,BAO_0000190,BAO_0000357,single protein format,Cc1cc(OCCN2CCOCC2)ccc1-c1cc2c(-c3ccc(C#N)c(C(C)C)c3)ccnc2[nH]1,,,CHEMBL4118126,Bioorg Med Chem Lett,2018,"{'bei': '17.06', 'le': '0.31', 'lle': '2.29', 'sei': '11.06'}",CHEMBL4128540,,CHEMBL4128540,8.20,0,http://www.openphacts.org/units/Nanomolar,3035428,=,1,1,=,,IC50,nM,,6.31,CHEMBL5284,Homo sapiens,CaM-kinase kinase beta,9606,,,pIC50,,UO_0000065,,8.2
,,18287267,[],CHEMBL4121728,Inhibition of full-length human GST-tagged CAMKK2 using 5FAM-AKPKGNKDYHLQTCCGSLAYRRR-amide as substrate preincubated for 30 mins followed by substrate addition measured after 120 mins by fluorescence polarization assay,B,,,BAO_0000190,BAO_0000357,single protein format,Cc1ccc(CN2CCOCC2)cc1-c1cc2c(-c3ccc(C#N)c(C(C)C)c3)ccnc2[nH]1,,,CHEMBL4118126,Bioorg Med Chem Lett,2018,"{'bei': '17.53', 'le': '0.32', 'lle': '1.87', 'sei': '12.17'}",CHEMBL4128459,,CHEMBL4128459,7.90,0,http://www.openphacts.org/units/Nanomolar,3035427,=,1,1,=,,IC50,nM,,12.59,CHEMBL5284,Homo sapiens,CaM-kinase kinase beta,9606,,,pIC50,,UO_0000065,,7.9
,,18287268,[],CHEMBL4121728,Inhibition of full-length human GST-tagged CAMKK2 using 5FAM-AKPKGNKDYHLQTCCGSLAYRRR-amide as substrate preincubated for 30 mins followed by substrate addition measured after 120 mins by fluorescence polarization assay,B,,,BAO_0000190,BAO_0000357,single protein format,Cc1cc(OCCN2CCOCC2)ccc1-c1cc2c(-c3ccc(C#N)cc3)ccnc2[nH]1,,,CHEMBL4118126,Bioorg Med Chem Lett,2018,"{'bei': '15.05', 'le': '0.27', 'lle': '1.81', 'sei': '8.90'}",CHEMBL4127076,,CHEMBL4127076,6.60,0,http://www.openphacts.org/units/Nanomolar,3035426,=,1,1,=,,IC50,nM,,251.19,CHEMBL5284,Homo sapiens,CaM-kinase kinase beta,9606,,,pIC50,,UO_0000065,7.0,6.6
,,18287269,[],CHEMBL4121728,Inhibition of full-length human GST-tagged CAMKK2 using 5FAM-AKPKGNKDYHLQTCCGSLAYRRR-amide as substrate preincubated for 30 mins followed by substrate addition measured after 120 mins by fluorescence polarization assay,B,,,BAO_0000190,BAO_0000357,single protein format,Cc1ccc(CN2CCOCC2)cc1-c1cc2c(-c3ccc(C#N)cc3)ccnc2[nH]1,,,CHEMBL4118126,Bioorg Med Chem Lett,2018,"{'bei': '15.67', 'le': '0.28', 'lle': '1.49', 'sei': '9.86'}",CHEMBL4129941,,CHEMBL4129941,6.40,0,http://www.openphacts.org/units/Nanomolar,3035425,=,1,1,=,,IC50,nM,,398.11,CHEMBL5284,Homo sapiens,CaM-kinase kinase beta,9606,,,pIC50,,UO_0000065,7.1,6.4
,,18287270,[],CHEMBL4121728,Inhibition of full-length human GST-tagged CAMKK2 using 5FAM-AKPKGNKDYHLQTCCGSLAYRRR-amide as substrate preincubated for 30 mins followed by substrate addition measured after 120 mins by fluorescence polarization assay,B,,,BAO_0000190,BAO_0000357,single protein format,COc1ccccc1-c1cc2c(-c3ccc(C(N)=O)c(C4CCCC4)c3)ccnc2[nH]1,,,CHEMBL4118126,Bioorg Med Chem Lett,2018,"{'bei': '21.14', 'le': '0.38', 'lle': '3.04', 'sei': '10.74'}",CHEMBL4128577,,CHEMBL4128577,8.70,0,http://www.openphacts.org/units/Nanomolar,3035424,=,1,1,=,,IC50,nM,,1.995,CHEMBL5284,Homo sapiens,CaM-kinase kinase beta,9606,,,pIC50,,UO_0000065,,8.7
,,18287271,[],CHEMBL4121728,Inhibition of full-length human GST-tagged CAMKK2 using 5FAM-AKPKGNKDYHLQTCCGSLAYRRR-amide as substrate preincubated for 30 mins followed by substrate addition measured after 120 mins by fluorescence polarization assay,B,,,BAO_0000190,BAO_0000357,single protein format,Cc1cc(OCCN2CCOCC2)ccc1-c1cc2c(-c3ccc(C(N)=O)c(C(C)C)c3)ccnc2[nH]1,,,CHEMBL4118126,Bioorg Med Chem Lett,2018,"{'bei': '16.24', 'le': '0.30', 'lle': '2.96', 'sei': '8.67'}",CHEMBL4126511,,CHEMBL4126511,8.10,0,http://www.openphacts.org/units/Nanomolar,3035423,=,1,1,=,,IC50,nM,,7.943,CHEMBL5284,Homo sapiens,CaM-kinase kinase beta,9606,,,pIC50,,UO_0000065,9.1,8.1
,,18287272,[],CHEMBL4121728,Inhibition of full-length human GST-tagged CAMKK2 using 5FAM-AKPKGNKDYHLQTCCGSLAYRRR-amide as substrate preincubated for 30 mins followed by substrate addition measured after 120 mins by fluorescence polarization assay,B,,,BAO_0000190,BAO_0000357,single protein format,Cc1ccc(CN2CCOCC2)cc1-c1cc2c(-c3ccc(C(N)=O)c(C(C)C)c3)ccnc2[nH]1,,,CHEMBL4118126,Bioorg Med Chem Lett,2018,"{'bei': '16.43', 'le': '0.30', 'lle': '2.44', 'sei': '9.14'}",CHEMBL4129791,,CHEMBL4129791,7.70,0,http://www.openphacts.org/units/Nanomolar,3035422,=,1,1,=,,IC50,nM,,19.95,CHEMBL5284,Homo sapiens,CaM-kinase kinase beta,9606,,,pIC50,,UO_0000065,8.8,7.7
,,18287273,[],CHEMBL4121728,Inhibition of full-length human GST-tagged CAMKK2 using 5FAM-AKPKGNKDYHLQTCCGSLAYRRR-amide as substrate preincubated for 30 mins followed by substrate addition measured after 120 mins by fluorescence polarization assay,B,,,BAO_0000190,BAO_0000357,single protein format,Cc1ccc(OCCN2CCOCC2)cc1-c1cc2c(-c3ccc(C(N)=O)cc3)ccnc2[nH]1,,,CHEMBL4118126,Bioorg Med Chem Lett,2018,"{'bei': '16.43', 'le': '0.30', 'lle': '3.48', 'sei': '8.02'}",CHEMBL4127479,,CHEMBL4127479,7.50,0,http://www.openphacts.org/units/Nanomolar,3035421,=,1,1,=,,IC50,nM,,31.62,CHEMBL5284,Homo sapiens,CaM-kinase kinase beta,9606,,,pIC50,,UO_0000065,8.7,7.5
,,18287274,[],CHEMBL4121728,Inhibition of full-length human GST-tagged CAMKK2 using 5FAM-AKPKGNKDYHLQTCCGSLAYRRR-amide as substrate preincubated for 30 mins followed by substrate addition measured after 120 mins by fluorescence polarization assay,B,,,BAO_0000190,BAO_0000357,single protein format,Cc1cc(OCCN2CCOCC2)ccc1-c1cc2c(-c3ccc(C(N)=O)cc3)ccnc2[nH]1,,,CHEMBL4118126,Bioorg Med Chem Lett,2018,"{'bei': '19.27', 'le': '0.35', 'lle': '4.78', 'sei': '9.41'}",CHEMBL4126095,,CHEMBL4126095,8.80,0,http://www.openphacts.org/units/Nanomolar,3035420,=,1,1,=,,IC50,nM,,1.585,CHEMBL5284,Homo sapiens,CaM-kinase kinase beta,9606,,,pIC50,,UO_0000065,,8.8
,,18287275,[],CHEMBL4121728,Inhibition of full-length human GST-tagged CAMKK2 using 5FAM-AKPKGNKDYHLQTCCGSLAYRRR-amide as substrate preincubated for 30 mins followed by substrate addition measured after 120 mins by fluorescence polarization assay,B,,,BAO_0000190,BAO_0000357,single protein format,Cc1c(OCCN2CCOCC2)cccc1-c1cc2c(-c3ccc(C(N)=O)cc3)ccnc2[nH]1,,,CHEMBL4118126,Bioorg Med Chem Lett,2018,"{'bei': '17.08', 'le': '0.31', 'lle': '3.78', 'sei': '8.34'}",CHEMBL4128717,,CHEMBL4128717,7.80,0,http://www.openphacts.org/units/Nanomolar,3035419,=,1,1,=,,IC50,nM,,15.85,CHEMBL5284,Homo sapiens,CaM-kinase kinase beta,9606,,,pIC50,,UO_0000065,8.7,7.8
,,18287276,[],CHEMBL4121728,Inhibition of full-length human GST-tagged CAMKK2 using 5FAM-AKPKGNKDYHLQTCCGSLAYRRR-amide as substrate preincubated for 30 mins followed by substrate addition measured after 120 mins by fluorescence polarization assay,B,,,BAO_0000190,BAO_0000357,single protein format,Cc1ccc(CN2CCOCC2)cc1-c1cc2c(-c3ccc(C(N)=O)cc3)ccnc2[nH]1,,,CHEMBL4118126,Bioorg Med Chem Lett,2018,"{'bei': '18.29', 'le': '0.33', 'lle': '3.66', 'sei': '9.26'}",CHEMBL4127330,,CHEMBL4127330,7.80,0,http://www.openphacts.org/units/Nanomolar,3035418,=,1,1,=,,IC50,nM,,15.85,CHEMBL5284,Homo sapiens,CaM-kinase kinase beta,9606,,,pIC50,,UO_0000065,8.8,7.8
,,18287277,[],CHEMBL4121728,Inhibition of full-length human GST-tagged CAMKK2 using 5FAM-AKPKGNKDYHLQTCCGSLAYRRR-amide as substrate preincubated for 30 mins followed by substrate addition measured after 120 mins by fluorescence polarization assay,B,,,BAO_0000190,BAO_0000357,single protein format,Cc1cc(CN2CCOCC2)ccc1-c1cc2c(-c3ccc(C(N)=O)cc3)ccnc2[nH]1,,,CHEMBL4118126,Bioorg Med Chem Lett,2018,"{'bei': '17.82', 'le': '0.32', 'lle': '3.46', 'sei': '9.02'}",CHEMBL4130310,,CHEMBL4130310,7.60,0,http://www.openphacts.org/units/Nanomolar,3035417,=,1,1,=,,IC50,nM,,25.12,CHEMBL5284,Homo sapiens,CaM-kinase kinase beta,9606,,,pIC50,,UO_0000065,8.1,7.6
,,18287278,[],CHEMBL4121728,Inhibition of full-length human GST-tagged CAMKK2 using 5FAM-AKPKGNKDYHLQTCCGSLAYRRR-amide as substrate preincubated for 30 mins followed by substrate addition measured after 120 mins by fluorescence polarization assay,B,,,BAO_0000190,BAO_0000357,single protein format,Cc1c(CN2CCOCC2)cccc1-c1cc2c(-c3ccc(C(N)=O)cc3)ccnc2[nH]1,,,CHEMBL4118126,Bioorg Med Chem Lett,2018,"{'bei': '18.52', 'le': '0.34', 'lle': '3.76', 'sei': '9.38'}",CHEMBL4128939,,CHEMBL4128939,7.90,0,http://www.openphacts.org/units/Nanomolar,3035416,=,1,1,=,,IC50,nM,,12.59,CHEMBL5284,Homo sapiens,CaM-kinase kinase beta,9606,,,pIC50,,UO_0000065,8.8,7.9
,,18287279,[],CHEMBL4121728,Inhibition of full-length human GST-tagged CAMKK2 using 5FAM-AKPKGNKDYHLQTCCGSLAYRRR-amide as substrate preincubated for 30 mins followed by substrate addition measured after 120 mins by fluorescence polarization assay,B,,,BAO_0000190,BAO_0000357,single protein format,COc1ccccc1-c1cc2c(-c3ccc(C(N)=O)cc3)ccnc2[nH]1,,,CHEMBL4118126,Bioorg Med Chem Lett,2018,"{'bei': '22.42', 'le': '0.40', 'lle': '3.70', 'sei': '9.51'}",CHEMBL4129362,,CHEMBL4129362,7.70,0,http://www.openphacts.org/units/Nanomolar,3035415,=,1,1,=,,IC50,nM,,19.95,CHEMBL5284,Homo sapiens,CaM-kinase kinase beta,9606,,,pIC50,,UO_0000065,8.5,7.7
,,18287280,[],CHEMBL4121728,Inhibition of full-length human GST-tagged CAMKK2 using 5FAM-AKPKGNKDYHLQTCCGSLAYRRR-amide as substrate preincubated for 30 mins followed by substrate addition measured after 120 mins by fluorescence polarization assay,B,,,BAO_0000190,BAO_0000357,single protein format,CS(=O)(=O)Nc1cccc(-c2cc3c(-c4ccc(C(N)=O)cc4)ccnc3[nH]2)c1,,,CHEMBL4118126,Bioorg Med Chem Lett,2018,"{'bei': '19.44', 'le': '0.37', 'lle': '4.53', 'sei': '6.70'}",CHEMBL4127977,,CHEMBL4127977,7.90,0,http://www.openphacts.org/units/Nanomolar,3035414,=,1,1,=,,IC50,nM,,12.59,CHEMBL5284,Homo sapiens,CaM-kinase kinase beta,9606,,,pIC50,,UO_0000065,8.5,7.9
,,18287281,[],CHEMBL4121728,Inhibition of full-length human GST-tagged CAMKK2 using 5FAM-AKPKGNKDYHLQTCCGSLAYRRR-amide as substrate preincubated for 30 mins followed by substrate addition measured after 120 mins by fluorescence polarization assay,B,,,BAO_0000190,BAO_0000357,single protein format,CS(=O)(=O)Nc1ccc(-c2cc3c(-c4ccc(C(N)=O)cc4)ccnc3[nH]2)cc1,,,CHEMBL4118126,Bioorg Med Chem Lett,2018,"{'bei': '19.44', 'le': '0.37', 'lle': '4.53', 'sei': '6.70'}",CHEMBL4128114,,CHEMBL4128114,7.90,0,http://www.openphacts.org/units/Nanomolar,3035413,=,1,1,=,,IC50,nM,,12.59,CHEMBL5284,Homo sapiens,CaM-kinase kinase beta,9606,,,pIC50,,UO_0000065,8.7,7.9
,,18287282,[],CHEMBL4121728,Inhibition of full-length human GST-tagged CAMKK2 using 5FAM-AKPKGNKDYHLQTCCGSLAYRRR-amide as substrate preincubated for 30 mins followed by substrate addition measured after 120 mins by fluorescence polarization assay,B,,,BAO_0000190,BAO_0000357,single protein format,CN(C)CCCNC(=O)c1cccc(-c2cc3c(-c4ccc(C(N)=O)cc4)ccnc3[nH]2)c1,,,CHEMBL4118126,Bioorg Med Chem Lett,2018,"{'bei': '17.89', 'le': '0.33', 'lle': '4.22', 'sei': '7.59'}",CHEMBL4126740,,CHEMBL4126740,7.90,0,http://www.openphacts.org/units/Nanomolar,3035412,=,1,1,=,,IC50,nM,,12.59,CHEMBL5284,Homo sapiens,CaM-kinase kinase beta,9606,,,pIC50,,UO_0000065,8.6,7.9
,,18287283,[],CHEMBL4121728,Inhibition of full-length human GST-tagged CAMKK2 using 5FAM-AKPKGNKDYHLQTCCGSLAYRRR-amide as substrate preincubated for 30 mins followed by substrate addition measured after 120 mins by fluorescence polarization assay,B,,,BAO_0000190,BAO_0000357,single protein format,CN(C)CCCNC(=O)c1ccc(-c2cc3c(-c4ccc(C(N)=O)cc4)ccnc3[nH]2)cc1,,,CHEMBL4118126,Bioorg Med Chem Lett,2018,"{'bei': '17.89', 'le': '0.33', 'lle': '4.22', 'sei': '7.59'}",CHEMBL4127140,,CHEMBL4127140,7.90,0,http://www.openphacts.org/units/Nanomolar,3035411,=,1,1,=,,IC50,nM,,12.59,CHEMBL5284,Homo sapiens,CaM-kinase kinase beta,9606,,,pIC50,,UO_0000065,8.8,7.9
,,18287284,[],CHEMBL4121728,Inhibition of full-length human GST-tagged CAMKK2 using 5FAM-AKPKGNKDYHLQTCCGSLAYRRR-amide as substrate preincubated for 30 mins followed by substrate addition measured after 120 mins by fluorescence polarization assay,B,,,BAO_0000190,BAO_0000357,single protein format,CN(C)Cc1cccc(-c2cc3c(-c4ccc(C(N)=O)cc4)ccnc3[nH]2)c1,,,CHEMBL4118126,Bioorg Med Chem Lett,2018,"{'bei': '20.25', 'le': '0.37', 'lle': '3.44', 'sei': '10.00'}",CHEMBL4125774,,CHEMBL4125774,7.50,0,http://www.openphacts.org/units/Nanomolar,3035410,=,1,1,=,,IC50,nM,,31.62,CHEMBL5284,Homo sapiens,CaM-kinase kinase beta,9606,,,pIC50,,UO_0000065,8.4,7.5
,,18287285,[],CHEMBL4121728,Inhibition of full-length human GST-tagged CAMKK2 using 5FAM-AKPKGNKDYHLQTCCGSLAYRRR-amide as substrate preincubated for 30 mins followed by substrate addition measured after 120 mins by fluorescence polarization assay,B,,,BAO_0000190,BAO_0000357,single protein format,CN(C)Cc1ccc(-c2cc3c(-c4ccc(C(N)=O)cc4)ccnc3[nH]2)cc1,,,CHEMBL4118126,Bioorg Med Chem Lett,2018,"{'bei': '20.51', 'le': '0.37', 'lle': '3.54', 'sei': '10.13'}",CHEMBL4125907,,CHEMBL4125907,7.60,0,http://www.openphacts.org/units/Nanomolar,3035409,=,1,1,=,,IC50,nM,,25.12,CHEMBL5284,Homo sapiens,CaM-kinase kinase beta,9606,,,pIC50,,UO_0000065,8.5,7.6
,,18287286,[],CHEMBL4121728,Inhibition of full-length human GST-tagged CAMKK2 using 5FAM-AKPKGNKDYHLQTCCGSLAYRRR-amide as substrate preincubated for 30 mins followed by substrate addition measured after 120 mins by fluorescence polarization assay,B,,,BAO_0000190,BAO_0000357,single protein format,COc1ccccc1Nc1ncc(F)c(-c2ccc(C(=O)O)c(C(C)C)c2)n1,,,CHEMBL4118126,Bioorg Med Chem Lett,2018,"{'bei': '21.24', 'le': '0.40', 'lle': '3.24', 'sei': '9.60'}",CHEMBL4129219,,CHEMBL4129219,8.10,0,http://www.openphacts.org/units/Nanomolar,3035408,=,1,1,=,,IC50,nM,,7.943,CHEMBL5284,Homo sapiens,CaM-kinase kinase beta,9606,,,pIC50,,UO_0000065,9.0,8.1
,,18287287,[],CHEMBL4121728,Inhibition of full-length human GST-tagged CAMKK2 using 5FAM-AKPKGNKDYHLQTCCGSLAYRRR-amide as substrate preincubated for 30 mins followed by substrate addition measured after 120 mins by fluorescence polarization assay,B,,,BAO_0000190,BAO_0000357,single protein format,COc1ccccc1Nc1nccc(-c2ccc(C(=O)O)c(C(C)C)c2)n1,,,CHEMBL4118126,Bioorg Med Chem Lett,2018,"{'bei': '23.94', 'le': '0.44', 'lle': '3.98', 'sei': '10.32'}",CHEMBL4129590,,CHEMBL4129590,8.70,0,http://www.openphacts.org/units/Nanomolar,3035407,=,1,1,=,,IC50,nM,,1.995,CHEMBL5284,Homo sapiens,CaM-kinase kinase beta,9606,,,pIC50,,UO_0000065,,8.7
,,18287288,[],CHEMBL4121728,Inhibition of full-length human GST-tagged CAMKK2 using 5FAM-AKPKGNKDYHLQTCCGSLAYRRR-amide as substrate preincubated for 30 mins followed by substrate addition measured after 120 mins by fluorescence polarization assay,B,,,BAO_0000190,BAO_0000357,single protein format,COc1ccccc1Nc1nccc(-c2ccc(C(=O)O)cc2)n1,,,CHEMBL4118126,Bioorg Med Chem Lett,2018,"{'bei': '18.05', 'le': '0.33', 'lle': '2.21', 'sei': '6.88'}",CHEMBL4126300,,CHEMBL4126300,5.80,0,http://www.openphacts.org/units/Nanomolar,3035406,=,1,1,=,,IC50,nM,,1584.89,CHEMBL5284,Homo sapiens,CaM-kinase kinase beta,9606,,,pIC50,,UO_0000065,6.7,5.8
,,18287289,[],CHEMBL4121728,Inhibition of full-length human GST-tagged CAMKK2 using 5FAM-AKPKGNKDYHLQTCCGSLAYRRR-amide as substrate preincubated for 30 mins followed by substrate addition measured after 120 mins by fluorescence polarization assay,B,,,BAO_0000190,BAO_0000357,single protein format,COc1ccccc1Nc1ncc(Cl)c(-c2ccc(C(N)=O)c(C(C)C)c2)n1,,,CHEMBL4118126,Bioorg Med Chem Lett,2018,"{'bei': '14.61', 'le': '0.28', 'lle': '1.03', 'sei': '6.44'}",CHEMBL4126413,,CHEMBL4126413,5.80,0,http://www.openphacts.org/units/Nanomolar,3035405,=,1,1,=,,IC50,nM,,1584.89,CHEMBL5284,Homo sapiens,CaM-kinase kinase beta,9606,,,pIC50,,UO_0000065,6.8,5.8
,,18287290,[],CHEMBL4121728,Inhibition of full-length human GST-tagged CAMKK2 using 5FAM-AKPKGNKDYHLQTCCGSLAYRRR-amide as substrate preincubated for 30 mins followed by substrate addition measured after 120 mins by fluorescence polarization assay,B,,,BAO_0000190,BAO_0000357,single protein format,COc1ccccc1Nc1ncc(F)c(-c2ccc(C(N)=O)c(C(C)C)c2)n1,,,CHEMBL4118126,Bioorg Med Chem Lett,2018,"{'bei': '17.09', 'le': '0.32', 'lle': '2.24', 'sei': '7.21'}",CHEMBL4127797,,CHEMBL4127797,6.50,0,http://www.openphacts.org/units/Nanomolar,3035404,=,1,1,=,,IC50,nM,,316.23,CHEMBL5284,Homo sapiens,CaM-kinase kinase beta,9606,,,pIC50,,UO_0000065,7.4,6.5
,,18287291,[],CHEMBL4121728,Inhibition of full-length human GST-tagged CAMKK2 using 5FAM-AKPKGNKDYHLQTCCGSLAYRRR-amide as substrate preincubated for 30 mins followed by substrate addition measured after 120 mins by fluorescence polarization assay,B,,,BAO_0000190,BAO_0000357,single protein format,COc1ccccc1Nc1nccc(-c2ccc(C(N)=O)c(C(C)C)c2)n1,,,CHEMBL4118126,Bioorg Med Chem Lett,2018,"{'bei': '16.00', 'le': '0.29', 'lle': '1.68', 'sei': '6.44'}",CHEMBL4127640,,CHEMBL4127640,5.80,0,http://www.openphacts.org/units/Nanomolar,3035403,=,1,1,=,,IC50,nM,,1584.89,CHEMBL5284,Homo sapiens,CaM-kinase kinase beta,9606,,,pIC50,,UO_0000065,7.2,5.8
,,18287292,[],CHEMBL4121728,Inhibition of full-length human GST-tagged CAMKK2 using 5FAM-AKPKGNKDYHLQTCCGSLAYRRR-amide as substrate preincubated for 30 mins followed by substrate addition measured after 120 mins by fluorescence polarization assay,B,,,BAO_0000190,BAO_0000357,single protein format,COc1ccccc1Nc1nccc(-c2ccc(C(N)=O)cc2)n1,,,CHEMBL4118126,Bioorg Med Chem Lett,2018,"{'bei': '18.42', 'le': '0.34', 'lle': '2.91', 'sei': '6.55'}",CHEMBL4129040,,CHEMBL4129040,5.90,0,http://www.openphacts.org/units/Nanomolar,3035402,=,1,1,=,,IC50,nM,,1258.93,CHEMBL5284,Homo sapiens,CaM-kinase kinase beta,9606,,,pIC50,,UO_0000065,7.0,5.9
,,18287293,[],CHEMBL4121728,Inhibition of full-length human GST-tagged CAMKK2 using 5FAM-AKPKGNKDYHLQTCCGSLAYRRR-amide as substrate preincubated for 30 mins followed by substrate addition measured after 120 mins by fluorescence polarization assay,B,,,BAO_0000190,BAO_0000357,single protein format,COc1ccc(-c2ccccc2)cc1Nc1nccc(-c2ccc(C(N)=O)cc2)n1,,,CHEMBL4118126,Bioorg Med Chem Lett,2018,"{'bei': '16.65', 'le': '0.30', 'lle': '1.94', 'sei': '7.32'}",CHEMBL4128625,,CHEMBL4128625,6.60,0,http://www.openphacts.org/units/Nanomolar,3035401,=,1,1,=,,IC50,nM,,251.19,CHEMBL5284,Homo sapiens,CaM-kinase kinase beta,9606,,,pIC50,,UO_0000065,7.9,6.6
,,18287294,[],CHEMBL4121728,Inhibition of full-length human GST-tagged CAMKK2 using 5FAM-AKPKGNKDYHLQTCCGSLAYRRR-amide as substrate preincubated for 30 mins followed by substrate addition measured after 120 mins by fluorescence polarization assay,B,,,BAO_0000190,BAO_0000357,single protein format,Cc1ccc(-c2ccccc2)cc1Nc1nccc(-c2ccc(C(N)=O)cc2)n1,,,CHEMBL4118126,Bioorg Med Chem Lett,2018,"{'bei': '16.56', 'le': '0.30', 'lle': '1.34', 'sei': '7.79'}",CHEMBL4129991,,CHEMBL4129991,6.30,0,http://www.openphacts.org/units/Nanomolar,3035400,=,1,1,=,,IC50,nM,,501.19,CHEMBL5284,Homo sapiens,CaM-kinase kinase beta,9606,,,pIC50,,UO_0000065,7.5,6.3
,,18287295,[],CHEMBL4121728,Inhibition of full-length human GST-tagged CAMKK2 using 5FAM-AKPKGNKDYHLQTCCGSLAYRRR-amide as substrate preincubated for 30 mins followed by substrate addition measured after 120 mins by fluorescence polarization assay,B,,,BAO_0000190,BAO_0000357,single protein format,NC(=O)c1ccc(-c2ccnc(Nc3cc(-c4ccccc4)ccc3F)n2)cc1,,,CHEMBL4118126,Bioorg Med Chem Lett,2018,"{'bei': '20.03', 'le': '0.36', 'lle': '2.91', 'sei': '9.52'}",CHEMBL4129843,,CHEMBL4129843,7.70,0,http://www.openphacts.org/units/Nanomolar,3035399,=,1,1,=,,IC50,nM,,19.95,CHEMBL5284,Homo sapiens,CaM-kinase kinase beta,9606,,,pIC50,,UO_0000065,,7.7
,,18287296,[],CHEMBL4121728,Inhibition of full-length human GST-tagged CAMKK2 using 5FAM-AKPKGNKDYHLQTCCGSLAYRRR-amide as substrate preincubated for 30 mins followed by substrate addition measured after 120 mins by fluorescence polarization assay,B,,,BAO_0000190,BAO_0000357,single protein format,NC(=O)c1ccc(-c2ccnc(Nc3cccc(-c4ccccc4)c3)n2)cc1,,,CHEMBL4118126,Bioorg Med Chem Lett,2018,"{'bei': '20.74', 'le': '0.37', 'lle': '2.95', 'sei': '9.39'}",CHEMBL4126566,,CHEMBL4126566,7.60,0,http://www.openphacts.org/units/Nanomolar,3035398,=,1,1,=,,IC50,nM,,25.12,CHEMBL5284,Homo sapiens,CaM-kinase kinase beta,9606,,,pIC50,,UO_0000065,8.1,7.6
,,18287297,[],CHEMBL4121728,Inhibition of full-length human GST-tagged CAMKK2 using 5FAM-AKPKGNKDYHLQTCCGSLAYRRR-amide as substrate preincubated for 30 mins followed by substrate addition measured after 120 mins by fluorescence polarization assay,B,,,BAO_0000190,BAO_0000357,single protein format,O=C(O)c1ccc(-c2ccnc(Nc3cccc(-c4ccccc4)c3)n2)cc1,,,CHEMBL4118126,Bioorg Med Chem Lett,2018,"{'bei': '19.05', 'le': '0.34', 'lle': '1.75', 'sei': '9.32'}",CHEMBL4127319,,CHEMBL4127319,7.00,0,http://www.openphacts.org/units/Nanomolar,3035397,=,1,1,=,,IC50,nM,,100.0,CHEMBL5284,Homo sapiens,CaM-kinase kinase beta,9606,,,pIC50,,UO_0000065,8.1,7.0
,,18287298,[],CHEMBL4121728,Inhibition of full-length human GST-tagged CAMKK2 using 5FAM-AKPKGNKDYHLQTCCGSLAYRRR-amide as substrate preincubated for 30 mins followed by substrate addition measured after 120 mins by fluorescence polarization assay,B,,,BAO_0000190,BAO_0000357,single protein format,CC(C)c1cc(-c2c[nH]c3nc(C#N)ccc23)ccc1C(N)=O,,,CHEMBL4118126,Bioorg Med Chem Lett,2018,,CHEMBL4125941,,CHEMBL4125941,,0,http://www.openphacts.org/units/Nanomolar,3035396,<=,1,1,>=,,IC50,nM,,10000.0,CHEMBL5284,Homo sapiens,CaM-kinase kinase beta,9606,,,pIC50,,UO_0000065,5.9,5.0
,,18287299,[],CHEMBL4121728,Inhibition of full-length human GST-tagged CAMKK2 using 5FAM-AKPKGNKDYHLQTCCGSLAYRRR-amide as substrate preincubated for 30 mins followed by substrate addition measured after 120 mins by fluorescence polarization assay,B,,,BAO_0000190,BAO_0000357,single protein format,N#Cc1ccc2c(-c3ccc(C(N)=O)c(C4CCCC4)c3)c[nH]c2n1,,,CHEMBL4118126,Bioorg Med Chem Lett,2018,,CHEMBL4127390,,CHEMBL4127390,,0,http://www.openphacts.org/units/Nanomolar,3035395,<=,1,1,>=,,IC50,nM,,10000.0,CHEMBL5284,Homo sapiens,CaM-kinase kinase beta,9606,,,pIC50,,UO_0000065,5.9,5.0
,,18287300,[],CHEMBL4121728,Inhibition of full-length human GST-tagged CAMKK2 using 5FAM-AKPKGNKDYHLQTCCGSLAYRRR-amide as substrate preincubated for 30 mins followed by substrate addition measured after 120 mins by fluorescence polarization assay,B,,,BAO_0000190,BAO_0000357,single protein format,NC(=O)c1ccc(-c2c[nH]c3ncccc23)cc1,,,CHEMBL4118126,Bioorg Med Chem Lett,2018,"{'bei': '26.97', 'le': '0.49', 'lle': '4.07', 'sei': '8.92'}",CHEMBL4126920,,CHEMBL4126920,6.40,0,http://www.openphacts.org/units/Nanomolar,3035394,=,1,1,=,,IC50,nM,,398.11,CHEMBL5284,Homo sapiens,CaM-kinase kinase beta,9606,,,pIC50,,UO_0000065,,6.4
,,18287301,[],CHEMBL4121728,Inhibition of full-length human GST-tagged CAMKK2 using 5FAM-AKPKGNKDYHLQTCCGSLAYRRR-amide as substrate preincubated for 30 mins followed by substrate addition measured after 120 mins by fluorescence polarization assay,B,,,BAO_0000190,BAO_0000357,single protein format,NC(=O)c1ccc2c(-c3ccc(C(=O)O)c(C4CCCC4)c3)c[nH]c2n1,,,CHEMBL4118126,Bioorg Med Chem Lett,2018,,CHEMBL4129532,,CHEMBL4129532,,0,http://www.openphacts.org/units/Nanomolar,3035393,<=,1,1,>=,,IC50,nM,,10000.0,CHEMBL5284,Homo sapiens,CaM-kinase kinase beta,9606,,,pIC50,,UO_0000065,5.9,5.0
,,18287302,[],CHEMBL4121728,Inhibition of full-length human GST-tagged CAMKK2 using 5FAM-AKPKGNKDYHLQTCCGSLAYRRR-amide as substrate preincubated for 30 mins followed by substrate addition measured after 120 mins by fluorescence polarization assay,B,,,BAO_0000190,BAO_0000357,single protein format,Cc1ccc2c(-c3ccc(C(=O)O)c(C4CCCC4)c3)c[nH]c2n1,,,CHEMBL4118126,Bioorg Med Chem Lett,2018,"{'bei': '19.35', 'le': '0.35', 'lle': '1.31', 'sei': '9.40'}",CHEMBL4128151,,CHEMBL4128151,6.20,0,http://www.openphacts.org/units/Nanomolar,3035392,=,1,1,=,,IC50,nM,,630.96,CHEMBL5284,Homo sapiens,CaM-kinase kinase beta,9606,,,pIC50,,UO_0000065,7.5,6.2
,,18287303,[],CHEMBL4121728,Inhibition of full-length human GST-tagged CAMKK2 using 5FAM-AKPKGNKDYHLQTCCGSLAYRRR-amide as substrate preincubated for 30 mins followed by substrate addition measured after 120 mins by fluorescence polarization assay,B,,,BAO_0000190,BAO_0000357,single protein format,N#Cc1ccc2c(-c3ccc(C(=O)O)cc3)c[nH]c2n1,,,CHEMBL4118126,Bioorg Med Chem Lett,2018,,CHEMBL4125834,,CHEMBL4125834,,0,http://www.openphacts.org/units/Nanomolar,3035391,<=,1,1,>=,,IC50,nM,,10000.0,CHEMBL5284,Homo sapiens,CaM-kinase kinase beta,9606,,,pIC50,,UO_0000065,5.6,5.0
,,18287304,[],CHEMBL4121728,Inhibition of full-length human GST-tagged CAMKK2 using 5FAM-AKPKGNKDYHLQTCCGSLAYRRR-amide as substrate preincubated for 30 mins followed by substrate addition measured after 120 mins by fluorescence polarization assay,B,,,BAO_0000190,BAO_0000357,single protein format,CC(C)c1cc(-c2c[nH]c3nc(C#N)ccc23)ccc1C(=O)O,,,CHEMBL4118126,Bioorg Med Chem Lett,2018,"{'bei': '19.98', 'le': '0.36', 'lle': '2.18', 'sei': '6.80'}",CHEMBL4129130,,CHEMBL4129130,6.10,0,http://www.openphacts.org/units/Nanomolar,3035390,=,1,1,=,,IC50,nM,,794.33,CHEMBL5284,Homo sapiens,CaM-kinase kinase beta,9606,,,pIC50,,UO_0000065,7.5,6.1
,,18287305,[],CHEMBL4121728,Inhibition of full-length human GST-tagged CAMKK2 using 5FAM-AKPKGNKDYHLQTCCGSLAYRRR-amide as substrate preincubated for 30 mins followed by substrate addition measured after 120 mins by fluorescence polarization assay,B,,,BAO_0000190,BAO_0000357,single protein format,N#Cc1ccc2c(-c3ccc(C(=O)O)c(C4CCCC4)c3)c[nH]c2n1,,,CHEMBL4118126,Bioorg Med Chem Lett,2018,"{'bei': '23.54', 'le': '0.43', 'lle': '3.34', 'sei': '8.69'}",CHEMBL4127064,,CHEMBL4127064,7.80,0,http://www.openphacts.org/units/Nanomolar,3035389,=,1,1,=,,IC50,nM,,15.85,CHEMBL5284,Homo sapiens,CaM-kinase kinase beta,9606,,,pIC50,,UO_0000065,,7.8
,,18287306,[],CHEMBL4121728,Inhibition of full-length human GST-tagged CAMKK2 using 5FAM-AKPKGNKDYHLQTCCGSLAYRRR-amide as substrate preincubated for 30 mins followed by substrate addition measured after 120 mins by fluorescence polarization assay,B,,,BAO_0000190,BAO_0000357,single protein format,O=C(O)c1ccc(-c2c[nH]c3ncccc23)cc1C1CCCC1,,,CHEMBL4118126,Bioorg Med Chem Lett,2018,"{'bei': '24.48', 'le': '0.45', 'lle': '2.91', 'sei': '11.37'}",CHEMBL4125686,,CHEMBL4125686,7.50,0,http://www.openphacts.org/units/Nanomolar,3035388,=,1,1,=,,IC50,nM,,31.62,CHEMBL5284,Homo sapiens,CaM-kinase kinase beta,9606,,,pIC50,,UO_0000065,8.5,7.5
,,18287307,[],CHEMBL4121728,Inhibition of full-length human GST-tagged CAMKK2 using 5FAM-AKPKGNKDYHLQTCCGSLAYRRR-amide as substrate preincubated for 30 mins followed by substrate addition measured after 120 mins by fluorescence polarization assay,B,,,BAO_0000190,BAO_0000357,single protein format,O=C(O)c1ccc(-c2c[nH]c3ncccc23)cc1,,,CHEMBL4118126,Bioorg Med Chem Lett,2018,"{'bei': '23.92', 'le': '0.43', 'lle': '2.77', 'sei': '8.64'}",CHEMBL4126604,,CHEMBL4126604,5.70,0,http://www.openphacts.org/units/Nanomolar,3035387,=,1,1,=,,IC50,nM,,1995.26,CHEMBL5284,Homo sapiens,CaM-kinase kinase beta,9606,,,pIC50,,UO_0000065,,5.7
,,18287308,[],CHEMBL4121728,Inhibition of full-length human GST-tagged CAMKK2 using 5FAM-AKPKGNKDYHLQTCCGSLAYRRR-amide as substrate preincubated for 30 mins followed by substrate addition measured after 120 mins by fluorescence polarization assay,B,,,BAO_0000190,BAO_0000357,single protein format,NC(=O)c1ccc(-c2c[nH]c3ncc(-c4ccccc4C(F)(F)F)cc23)cc1C1CCCC1,,,CHEMBL4118126,Bioorg Med Chem Lett,2018,"{'bei': '12.01', 'le': '0.22', 'lle': '-1.27', 'sei': '7.52'}",CHEMBL4127989,,CHEMBL4127989,5.40,0,http://www.openphacts.org/units/Nanomolar,3035386,=,1,1,=,,IC50,nM,,3981.07,CHEMBL5284,Homo sapiens,CaM-kinase kinase beta,9606,,,pIC50,,UO_0000065,5.9,5.4
,,18287309,[],CHEMBL4121728,Inhibition of full-length human GST-tagged CAMKK2 using 5FAM-AKPKGNKDYHLQTCCGSLAYRRR-amide as substrate preincubated for 30 mins followed by substrate addition measured after 120 mins by fluorescence polarization assay,B,,,BAO_0000190,BAO_0000357,single protein format,N#CCc1ccccc1-c1cnc2[nH]cc(-c3ccc(C(N)=O)c(C4CCCC4)c3)c2c1,,,CHEMBL4118126,Bioorg Med Chem Lett,2018,"{'bei': '13.32', 'le': '0.24', 'lle': '-0.12', 'sei': '5.86'}",CHEMBL4130023,,CHEMBL4130023,5.60,0,http://www.openphacts.org/units/Nanomolar,3035385,=,1,1,=,,IC50,nM,,2511.89,CHEMBL5284,Homo sapiens,CaM-kinase kinase beta,9606,,,pIC50,,UO_0000065,6.1,5.6
,,18287310,[],CHEMBL4121728,Inhibition of full-length human GST-tagged CAMKK2 using 5FAM-AKPKGNKDYHLQTCCGSLAYRRR-amide as substrate preincubated for 30 mins followed by substrate addition measured after 120 mins by fluorescence polarization assay,B,,,BAO_0000190,BAO_0000357,single protein format,CN(C)c1ccccc1-c1cnc2[nH]cc(-c3ccc(C(N)=O)c(C4CCCC4)c3)c2c1,,,CHEMBL4118126,Bioorg Med Chem Lett,2018,"{'bei': '12.72', 'le': '0.23', 'lle': '-0.32', 'sei': '7.20'}",CHEMBL4126756,,CHEMBL4126756,5.40,0,http://www.openphacts.org/units/Nanomolar,3035384,=,1,1,=,,IC50,nM,,3981.07,CHEMBL5284,Homo sapiens,CaM-kinase kinase beta,9606,,,pIC50,,UO_0000065,6.3,5.4
,,18287311,[],CHEMBL4121728,Inhibition of full-length human GST-tagged CAMKK2 using 5FAM-AKPKGNKDYHLQTCCGSLAYRRR-amide as substrate preincubated for 30 mins followed by substrate addition measured after 120 mins by fluorescence polarization assay,B,,,BAO_0000190,BAO_0000357,single protein format,NC(=O)c1ccc(-c2c[nH]c3ncc(-c4ccccc4OC(F)(F)F)cc23)cc1C1CCCC1,,,CHEMBL4118126,Bioorg Med Chem Lett,2018,"{'bei': '12.25', 'le': '0.23', 'lle': '-0.85', 'sei': '7.04'}",CHEMBL4128810,,CHEMBL4128810,5.70,0,http://www.openphacts.org/units/Nanomolar,3035383,=,1,1,=,,IC50,nM,,1995.26,CHEMBL5284,Homo sapiens,CaM-kinase kinase beta,9606,,,pIC50,,UO_0000065,6.5,5.7
,,18287312,[],CHEMBL4121728,Inhibition of full-length human GST-tagged CAMKK2 using 5FAM-AKPKGNKDYHLQTCCGSLAYRRR-amide as substrate preincubated for 30 mins followed by substrate addition measured after 120 mins by fluorescence polarization assay,B,,,BAO_0000190,BAO_0000357,single protein format,NC(=O)c1ccc(-c2c[nH]c3ncc(-c4ccccc4Oc4ccccc4)cc23)cc1C1CCCC1,,,CHEMBL4118126,Bioorg Med Chem Lett,2018,"{'bei': '12.25', 'le': '0.22', 'lle': '-1.65', 'sei': '7.16'}",CHEMBL4130166,,CHEMBL4130166,5.80,0,http://www.openphacts.org/units/Nanomolar,3035382,=,1,1,=,,IC50,nM,,1584.89,CHEMBL5284,Homo sapiens,CaM-kinase kinase beta,9606,,,pIC50,,UO_0000065,6.6,5.8
,,18287313,[],CHEMBL4121728,Inhibition of full-length human GST-tagged CAMKK2 using 5FAM-AKPKGNKDYHLQTCCGSLAYRRR-amide as substrate preincubated for 30 mins followed by substrate addition measured after 120 mins by fluorescence polarization assay,B,,,BAO_0000190,BAO_0000357,single protein format,CC(C)Oc1ccccc1-c1cnc2[nH]cc(-c3ccc(C(N)=O)c(C4CCCC4)c3)c2c1,,,CHEMBL4118126,Bioorg Med Chem Lett,2018,"{'bei': '13.20', 'le': '0.24', 'lle': '-0.64', 'sei': '7.16'}",CHEMBL4127557,,CHEMBL4127557,5.80,0,http://www.openphacts.org/units/Nanomolar,3035381,=,1,1,=,,IC50,nM,,1584.89,CHEMBL5284,Homo sapiens,CaM-kinase kinase beta,9606,,,pIC50,,UO_0000065,6.9,5.8
,,18287314,[],CHEMBL4121728,Inhibition of full-length human GST-tagged CAMKK2 using 5FAM-AKPKGNKDYHLQTCCGSLAYRRR-amide as substrate preincubated for 30 mins followed by substrate addition measured after 120 mins by fluorescence polarization assay,B,,,BAO_0000190,BAO_0000357,single protein format,NC(=O)c1ccc(-c2c[nH]c3ncc(-c4ccccc4O)cc23)cc1C1CCCC1,,,CHEMBL4118126,Bioorg Med Chem Lett,2018,"{'bei': '17.36', 'le': '0.31', 'lle': '1.54', 'sei': '7.50'}",CHEMBL4128950,,CHEMBL4128950,6.90,0,http://www.openphacts.org/units/Nanomolar,3035380,=,1,1,=,,IC50,nM,,125.89,CHEMBL5284,Homo sapiens,CaM-kinase kinase beta,9606,,,pIC50,,UO_0000065,7.3,6.9
,,18938828,[],CHEMBL4328339,Inhibition of human CAMKK2 using MBP as substrate by [gamma-33P]-ATP assay,B,,,BAO_0000190,BAO_0000357,single protein format,CN[C@@H]1C[C@H]2O[C@@](C)([C@@H]1OC)n1c3ccccc3c3c4c(c5c6ccccc6n2c5c31)C(=O)NC4,,,CHEMBL4325871,Eur J Med Chem,2019,"{'bei': '16.02', 'le': '0.29', 'lle': '3.12', 'sei': '10.76'}",CHEMBL388978,STAUROSPORINE,CHEMBL388978,7.47,0,http://www.openphacts.org/units/Nanomolar,3159540,=,1,1,=,,IC50,nM,,33.6,CHEMBL5284,Homo sapiens,CaM-kinase kinase beta,9606,,,IC50,10'-8M,UO_0000065,,3.36
,,19147770,[],CHEMBL4379166,Inhibition of recombinant full length human CaMKK2 T85S mutant using calmodulin as substrate incubated for 40 mins in presence of [gamma-33ATP] by radiometric scintillation counting analysis,B,Q96RR4,T85S,BAO_0000190,BAO_0000357,single protein format,CN(C)c1ccc(C(=O)Nc2cccc(NC(=O)COc3ccc4c(=O)ccoc4c3)c2)cc1,,,CHEMBL4376834,J Med Chem,2019,,CHEMBL4438748,,CHEMBL4438748,,0,http://www.openphacts.org/units/Nanomolar,3195750,>,1,1,>,,IC50,nM,,10000.0,CHEMBL5284,Homo sapiens,CaM-kinase kinase beta,9606,,,IC50,uM,UO_0000065,,10.0
,,22843205,[],CHEMBL4720233,Inhibition of CAMKK2 (unknown origin),B,,,BAO_0000190,BAO_0000357,single protein format,C=CC(=O)N1CCC(Cn2cc(-c3ccc4c(c3)OCO4)c3c(N)ncnc32)CC1,,,CHEMBL4715815,Eur J Med Chem,2018,,CHEMBL4755698,,CHEMBL4755698,,0,http://www.openphacts.org/units/Nanomolar,3546961,>,1,1,>,,IC50,nM,,10000.0,CHEMBL5284,Homo sapiens,CaM-kinase kinase beta,9606,,,IC50,nM,UO_0000065,,10000.0
"{'action_type': 'INHIBITOR', 'description': 'Negatively effects (inhibits) the normal functioning of the protein e.g., prevention of enzymatic reaction or activation of downstream pathway', 'parent_type': 'NEGATIVE MODULATOR'}",,22843820,[],CHEMBL4720806,Inhibition of human CAMKK2 using MBP as substrate by [gamma-33P]-ATP assay,B,,,BAO_0000190,BAO_0000357,single protein format,CN[C@@H]1C[C@H]2O[C@@](C)([C@@H]1OC)n1c3ccccc3c3c4c(c5c6ccccc6n2c5c31)C(=O)NC4,,,CHEMBL4715818,Bioorg Med Chem,2018,"{'bei': '16.73', 'le': '0.30', 'lle': '3.45', 'sei': '11.24'}",CHEMBL388978,STAUROSPORINE,CHEMBL388978,7.80,0,http://www.openphacts.org/units/Nanomolar,3546983,=,1,1,=,,IC50,nM,,15.7,CHEMBL5284,Homo sapiens,CaM-kinase kinase beta,9606,,,IC50,10^-8M,UO_0000065,,1.57
,,22851532,[],CHEMBL4723788,Inhibition of human CAMKK2 in presence of ATP at Km level,B,,,BAO_0000190,BAO_0000357,single protein format,O=C(O)CSc1ncnc2cc(-c3cc4ccccc4s3)sc12,,,CHEMBL4715866,J Med Chem,2020,,CHEMBL4752776,,CHEMBL4752776,,0,http://www.openphacts.org/units/Nanomolar,3548114,>,1,1,>,,IC50,nM,,10000.0,CHEMBL5284,Homo sapiens,CaM-kinase kinase beta,9606,,,IC50,nM,UO_0000065,,10000.0
"{'action_type': 'BINDING AGENT', 'description': 'Binds to a substance such as a cell surface antigen, targetting a drug to that location, but not necessarily affecting the functioning of the substance itself', 'parent_type': 'OTHER'}",,22851537,"[{'comments': None, 'relation': '=', 'result_flag': 0, 'standard_relation': '=', 'standard_text_value': None, 'standard_type': 'TIME', 'standard_units': 'hr', 'standard_value': '2.0', 'text_value': None, 'type': 'Time', 'units': 'hrs', 'value': '2.0'}]",CHEMBL4723793,Binding affinity to human CAMKK2 incubated for 2 hrs by nano-BRET assay based cellular target engagement assay,B,,,BAO_0000190,BAO_0000357,single protein format,O=C(O)CSc1ncnc2cc(-c3cc4ccccc4s3)sc12,,,CHEMBL4715866,J Med Chem,2020,"{'bei': '15.68', 'le': '0.33', 'lle': '0.87', 'sei': '8.91'}",CHEMBL4752776,,CHEMBL4752776,5.62,0,http://www.openphacts.org/units/Nanomolar,3548114,=,1,1,=,,IC50,nM,,2400.0,CHEMBL5284,Homo sapiens,CaM-kinase kinase beta,9606,,,IC50,nM,UO_0000065,,2400.0
"{'action_type': 'INHIBITOR', 'description': 'Negatively effects (inhibits) the normal functioning of the protein e.g., prevention of enzymatic reaction or activation of downstream pathway', 'parent_type': 'NEGATIVE MODULATOR'}",,23233945,[],CHEMBL4827571,Inhibition of human CAMKK2 using CAMKKtide as substrate assessed as residual activity by [gamma-33P]-ATP assay relative to control,B,,,BAO_0000190,BAO_0000357,single protein format,O=C(O)c1ccc(-c2c[nH]c3ncc(-c4ccccc4)cc23)cc1C1CCCC1,,,CHEMBL4825714,J Med Chem,2021,"{'bei': '22.28', 'le': '0.40', 'lle': '2.27', 'sei': '12.92'}",CHEMBL558642,GSK-650394,CHEMBL558642,8.52,0,http://www.openphacts.org/units/Nanomolar,3614153,=,1,1,=,,IC50,nM,,3.0,CHEMBL5284,Homo sapiens,CaM-kinase kinase beta,9606,,,IC50,nM,UO_0000065,,3.0
"{'action_type': 'INHIBITOR', 'description': 'Negatively effects (inhibits) the normal functioning of the protein e.g., prevention of enzymatic reaction or activation of downstream pathway', 'parent_type': 'NEGATIVE MODULATOR'}",,23233946,[],CHEMBL4827571,Inhibition of human CAMKK2 using CAMKKtide as substrate assessed as residual activity by [gamma-33P]-ATP assay relative to control,B,,,BAO_0000190,BAO_0000357,single protein format,O=C(O)c1ccc(-c2c[nH]c3ncccc23)cc1C1CCCC1,,,CHEMBL4825714,J Med Chem,2021,"{'bei': '24.76', 'le': '0.45', 'lle': '3.00', 'sei': '11.50'}",CHEMBL4125686,,CHEMBL4125686,7.58,0,http://www.openphacts.org/units/Nanomolar,3614181,=,1,1,=,,IC50,nM,,26.0,CHEMBL5284,Homo sapiens,CaM-kinase kinase beta,9606,,,IC50,nM,UO_0000065,,26.0
"{'action_type': 'INHIBITOR', 'description': 'Negatively effects (inhibits) the normal functioning of the protein e.g., prevention of enzymatic reaction or activation of downstream pathway', 'parent_type': 'NEGATIVE MODULATOR'}",,23233947,[],CHEMBL4827571,Inhibition of human CAMKK2 using CAMKKtide as substrate assessed as residual activity by [gamma-33P]-ATP assay relative to control,B,,,BAO_0000190,BAO_0000357,single protein format,O=C(O)c1ccc(-c2coc3ncc(-c4ccccc4)cc23)cc1C1CCCC1,,,CHEMBL4825714,J Med Chem,2021,"{'bei': '18.74', 'le': '0.34', 'lle': '0.67', 'sei': '11.35'}",CHEMBL4866741,,CHEMBL4866741,7.19,0,http://www.openphacts.org/units/Nanomolar,3614164,=,1,1,=,,IC50,nM,,65.0,CHEMBL5284,Homo sapiens,CaM-kinase kinase beta,9606,,,IC50,nM,UO_0000065,,65.0
"{'action_type': 'INHIBITOR', 'description': 'Negatively effects (inhibits) the normal functioning of the protein e.g., prevention of enzymatic reaction or activation of downstream pathway', 'parent_type': 'NEGATIVE MODULATOR'}",,23233948,[],CHEMBL4827571,Inhibition of human CAMKK2 using CAMKKtide as substrate assessed as residual activity by [gamma-33P]-ATP assay relative to control,B,,,BAO_0000190,BAO_0000357,single protein format,O=C(O)c1ccc(-c2csc3ncc(-c4ccccc4)cc23)cc1C1CCCC1,,,CHEMBL4825714,J Med Chem,2021,"{'bei': '20.78', 'le': '0.39', 'lle': '1.31', 'sei': '16.54'}",CHEMBL4875005,,CHEMBL4875005,8.30,0,http://www.openphacts.org/units/Nanomolar,3614166,=,1,1,=,,IC50,nM,,5.0,CHEMBL5284,Homo sapiens,CaM-kinase kinase beta,9606,,,IC50,nM,UO_0000065,,5.0
"{'action_type': 'INHIBITOR', 'description': 'Negatively effects (inhibits) the normal functioning of the protein e.g., prevention of enzymatic reaction or activation of downstream pathway', 'parent_type': 'NEGATIVE MODULATOR'}",,23233949,[],CHEMBL4827571,Inhibition of human CAMKK2 using CAMKKtide as substrate assessed as residual activity by [gamma-33P]-ATP assay relative to control,B,,,BAO_0000190,BAO_0000357,single protein format,O=C(O)c1ccc(-c2cnn3ccc(-c4ccccc4)cc23)cc1C1CCCC1,,,CHEMBL4825714,J Med Chem,2021,"{'bei': '17.88', 'le': '0.32', 'lle': '0.82', 'sei': '12.52'}",CHEMBL4851892,,CHEMBL4851892,6.84,0,http://www.openphacts.org/units/Nanomolar,3614168,=,1,1,=,,IC50,nM,,145.0,CHEMBL5284,Homo sapiens,CaM-kinase kinase beta,9606,,,IC50,nM,UO_0000065,,145.0
"{'action_type': 'INHIBITOR', 'description': 'Negatively effects (inhibits) the normal functioning of the protein e.g., prevention of enzymatic reaction or activation of downstream pathway', 'parent_type': 'NEGATIVE MODULATOR'}",,23233950,[],CHEMBL4827571,Inhibition of human CAMKK2 using CAMKKtide as substrate assessed as residual activity by [gamma-33P]-ATP assay relative to control,B,,,BAO_0000190,BAO_0000357,single protein format,O=C(O)c1ccc(-c2cnn3ccccc23)cc1C1CCCC1,,,CHEMBL4825714,J Med Chem,2021,"{'bei': '24.01', 'le': '0.44', 'lle': '3.00', 'sei': '13.47'}",CHEMBL4851925,,CHEMBL4851925,7.36,0,http://www.openphacts.org/units/Nanomolar,3614169,=,1,1,=,,IC50,nM,,44.0,CHEMBL5284,Homo sapiens,CaM-kinase kinase beta,9606,,,IC50,nM,UO_0000065,,44.0
"{'action_type': 'INHIBITOR', 'description': 'Negatively effects (inhibits) the normal functioning of the protein e.g., prevention of enzymatic reaction or activation of downstream pathway', 'parent_type': 'NEGATIVE MODULATOR'}",,23233951,[],CHEMBL4827571,Inhibition of human CAMKK2 using CAMKKtide as substrate assessed as residual activity by [gamma-33P]-ATP assay relative to control,B,,,BAO_0000190,BAO_0000357,single protein format,O=C(O)c1ccc(-c2cnn3ccc(-c4ccccc4)nc23)cc1C1CCCC1,,,CHEMBL4825714,J Med Chem,2021,"{'bei': '20.02', 'le': '0.36', 'lle': '2.26', 'sei': '11.38'}",CHEMBL4877552,,CHEMBL4877552,7.68,0,http://www.openphacts.org/units/Nanomolar,3614170,=,1,1,=,,IC50,nM,,21.0,CHEMBL5284,Homo sapiens,CaM-kinase kinase beta,9606,,,IC50,nM,UO_0000065,,21.0
"{'action_type': 'INHIBITOR', 'description': 'Negatively effects (inhibits) the normal functioning of the protein e.g., prevention of enzymatic reaction or activation of downstream pathway', 'parent_type': 'NEGATIVE MODULATOR'}",,23233952,[],CHEMBL4827571,Inhibition of human CAMKK2 using CAMKKtide as substrate assessed as residual activity by [gamma-33P]-ATP assay relative to control,B,,,BAO_0000190,BAO_0000357,single protein format,Cn1c(-c2ccccc2)cc2c(-c3ccc(C(=O)O)c(C4CCCC4)c3)ccnc21,,,CHEMBL4825714,J Med Chem,2021,"{'bei': '17.46', 'le': '0.32', 'lle': '0.66', 'sei': '12.56'}",CHEMBL4869147,,CHEMBL4869147,6.92,0,http://www.openphacts.org/units/Nanomolar,3614174,=,1,1,=,,IC50,nM,,120.0,CHEMBL5284,Homo sapiens,CaM-kinase kinase beta,9606,,,IC50,nM,UO_0000065,,120.0
"{'action_type': 'INHIBITOR', 'description': 'Negatively effects (inhibits) the normal functioning of the protein e.g., prevention of enzymatic reaction or activation of downstream pathway', 'parent_type': 'NEGATIVE MODULATOR'}",,23233953,[],CHEMBL4827571,Inhibition of human CAMKK2 using CAMKKtide as substrate assessed as residual activity by [gamma-33P]-ATP assay relative to control,B,,,BAO_0000190,BAO_0000357,single protein format,Cn1ccc2c(-c3ccc(C(=O)O)c(C4CCCC4)c3)ccnc21,,,CHEMBL4825714,J Med Chem,2021,"{'bei': '22.63', 'le': '0.41', 'lle': '2.65', 'sei': '13.16'}",CHEMBL4873692,,CHEMBL4873692,7.25,0,http://www.openphacts.org/units/Nanomolar,3614175,=,1,1,=,,IC50,nM,,56.0,CHEMBL5284,Homo sapiens,CaM-kinase kinase beta,9606,,,IC50,nM,UO_0000065,,56.0
"{'action_type': 'INHIBITOR', 'description': 'Negatively effects (inhibits) the normal functioning of the protein e.g., prevention of enzymatic reaction or activation of downstream pathway', 'parent_type': 'NEGATIVE MODULATOR'}",,23233954,[],CHEMBL4827571,Inhibition of human CAMKK2 using CAMKKtide as substrate assessed as residual activity by [gamma-33P]-ATP assay relative to control,B,,,BAO_0000190,BAO_0000357,single protein format,O=C(O)c1ccc(-c2ccnc3[nH]c(-c4ccccc4)nc23)cc1C1CCCC1,,,CHEMBL4825714,J Med Chem,2021,"{'bei': '19.92', 'le': '0.36', 'lle': '1.99', 'sei': '9.68'}",CHEMBL4870467,,CHEMBL4870467,7.64,0,http://www.openphacts.org/units/Nanomolar,3614176,=,1,1,=,,IC50,nM,,23.0,CHEMBL5284,Homo sapiens,CaM-kinase kinase beta,9606,,,IC50,nM,UO_0000065,,23.0
"{'action_type': 'INHIBITOR', 'description': 'Negatively effects (inhibits) the normal functioning of the protein e.g., prevention of enzymatic reaction or activation of downstream pathway', 'parent_type': 'NEGATIVE MODULATOR'}",,23233955,[],CHEMBL4827571,Inhibition of human CAMKK2 using CAMKKtide as substrate assessed as residual activity by [gamma-33P]-ATP assay relative to control,B,,,BAO_0000190,BAO_0000357,single protein format,O=C(O)c1ccc(-c2ccnc3[nH]cnc23)cc1C1CCCC1,,,CHEMBL4825714,J Med Chem,2021,"{'bei': '21.85', 'le': '0.40', 'lle': '2.73', 'sei': '8.51'}",CHEMBL4863974,,CHEMBL4863974,6.71,0,http://www.openphacts.org/units/Nanomolar,3614177,=,1,1,=,,IC50,nM,,193.0,CHEMBL5284,Homo sapiens,CaM-kinase kinase beta,9606,,,IC50,nM,UO_0000065,,193.0
"{'action_type': 'INHIBITOR', 'description': 'Negatively effects (inhibits) the normal functioning of the protein e.g., prevention of enzymatic reaction or activation of downstream pathway', 'parent_type': 'NEGATIVE MODULATOR'}",,23233956,[],CHEMBL4827571,Inhibition of human CAMKK2 using CAMKKtide as substrate assessed as residual activity by [gamma-33P]-ATP assay relative to control,B,,,BAO_0000190,BAO_0000357,single protein format,O=C(O)c1ccc(-c2ncnc3cc(-c4ccccc4)sc23)cc1C1CCCC1,,,CHEMBL4825714,J Med Chem,2021,"{'bei': '16.91', 'le': '0.32', 'lle': '0.39', 'sei': '10.74'}",CHEMBL4854650,,CHEMBL4854650,6.77,0,http://www.openphacts.org/units/Nanomolar,3614178,=,1,1,=,,IC50,nM,,169.0,CHEMBL5284,Homo sapiens,CaM-kinase kinase beta,9606,,,IC50,nM,UO_0000065,,169.0
"{'action_type': 'INHIBITOR', 'description': 'Negatively effects (inhibits) the normal functioning of the protein e.g., prevention of enzymatic reaction or activation of downstream pathway', 'parent_type': 'NEGATIVE MODULATOR'}",,23233957,[],CHEMBL4827571,Inhibition of human CAMKK2 using CAMKKtide as substrate assessed as residual activity by [gamma-33P]-ATP assay relative to control,B,,,BAO_0000190,BAO_0000357,single protein format,O=C(O)c1ccc(-c2ncnc3ccsc23)cc1C1CCCC1,,,CHEMBL4825714,J Med Chem,2021,"{'bei': '23.49', 'le': '0.45', 'lle': '2.91', 'sei': '12.08'}",CHEMBL4862562,,CHEMBL4862562,7.62,0,http://www.openphacts.org/units/Nanomolar,3614179,=,1,1,=,,IC50,nM,,24.0,CHEMBL5284,Homo sapiens,CaM-kinase kinase beta,9606,,,IC50,nM,UO_0000065,,24.0
"{'action_type': 'INHIBITOR', 'description': 'Negatively effects (inhibits) the normal functioning of the protein e.g., prevention of enzymatic reaction or activation of downstream pathway', 'parent_type': 'NEGATIVE MODULATOR'}",,23233958,[],CHEMBL4827571,Inhibition of human CAMKK2 using CAMKKtide as substrate assessed as residual activity by [gamma-33P]-ATP assay relative to control,B,,,BAO_0000190,BAO_0000357,single protein format,O=C(O)c1ccc(-c2ncnc3sc(-c4ccccc4)cc23)cc1C1CCCC1,,,CHEMBL4825714,J Med Chem,2021,"{'bei': '16.57', 'le': '0.31', 'lle': '0.25', 'sei': '10.52'}",CHEMBL4857706,,CHEMBL4857706,6.63,0,http://www.openphacts.org/units/Nanomolar,3614180,=,1,1,=,,IC50,nM,,232.0,CHEMBL5284,Homo sapiens,CaM-kinase kinase beta,9606,,,IC50,nM,UO_0000065,,232.0
"{'action_type': 'INHIBITOR', 'description': 'Negatively effects (inhibits) the normal functioning of the protein e.g., prevention of enzymatic reaction or activation of downstream pathway', 'parent_type': 'NEGATIVE MODULATOR'}",,23233959,[],CHEMBL4827571,Inhibition of human CAMKK2 using CAMKKtide as substrate assessed as residual activity by [gamma-33P]-ATP assay relative to control,B,,,BAO_0000190,BAO_0000357,single protein format,O=C(O)c1ccc(-c2ncnc3sccc23)cc1C1CCCC1,,,CHEMBL4825714,J Med Chem,2021,"{'bei': '23.15', 'le': '0.45', 'lle': '2.80', 'sei': '11.90'}",CHEMBL4853274,,CHEMBL4853274,7.51,0,http://www.openphacts.org/units/Nanomolar,3614183,=,1,1,=,,IC50,nM,,31.0,CHEMBL5284,Homo sapiens,CaM-kinase kinase beta,9606,,,IC50,nM,UO_0000065,,31.0
"{'action_type': 'INHIBITOR', 'description': 'Negatively effects (inhibits) the normal functioning of the protein e.g., prevention of enzymatic reaction or activation of downstream pathway', 'parent_type': 'NEGATIVE MODULATOR'}",,23233960,[],CHEMBL4827571,Inhibition of human CAMKK2 using CAMKKtide as substrate assessed as residual activity by [gamma-33P]-ATP assay relative to control,B,,,BAO_0000190,BAO_0000357,single protein format,O=C(O)c1ccc(-c2ccnc3ccc(-c4ccccc4)cc23)cc1C1CCCC1,,,CHEMBL4825714,J Med Chem,2021,"{'bei': '17.44', 'le': '0.31', 'lle': '-0.06', 'sei': '13.67'}",CHEMBL4877634,,CHEMBL4877634,6.86,0,http://www.openphacts.org/units/Nanomolar,3614154,=,1,1,=,,IC50,nM,,137.0,CHEMBL5284,Homo sapiens,CaM-kinase kinase beta,9606,,,IC50,nM,UO_0000065,,137.0
"{'action_type': 'INHIBITOR', 'description': 'Negatively effects (inhibits) the normal functioning of the protein e.g., prevention of enzymatic reaction or activation of downstream pathway', 'parent_type': 'NEGATIVE MODULATOR'}",,23233961,[],CHEMBL4827571,Inhibition of human CAMKK2 using CAMKKtide as substrate assessed as residual activity by [gamma-33P]-ATP assay relative to control,B,,,BAO_0000190,BAO_0000357,single protein format,O=C(O)c1ccc(-c2ccnc3ccccc23)cc1C1CCCC1,,,CHEMBL4825714,J Med Chem,2021,"{'bei': '24.85', 'le': '0.45', 'lle': '2.63', 'sei': '15.71'}",CHEMBL4852523,,CHEMBL4852523,7.89,0,http://www.openphacts.org/units/Nanomolar,3614155,=,1,1,=,,IC50,nM,,13.0,CHEMBL5284,Homo sapiens,CaM-kinase kinase beta,9606,,,IC50,nM,UO_0000065,,13.0
"{'action_type': 'INHIBITOR', 'description': 'Negatively effects (inhibits) the normal functioning of the protein e.g., prevention of enzymatic reaction or activation of downstream pathway', 'parent_type': 'NEGATIVE MODULATOR'}",,23233962,[],CHEMBL4827571,Inhibition of human CAMKK2 using CAMKKtide as substrate assessed as residual activity by [gamma-33P]-ATP assay relative to control,B,,,BAO_0000190,BAO_0000357,single protein format,O=C(O)c1ccc(-c2ncnc3ccc(-c4ccccc4)cc23)cc1C1CCCC1,,,CHEMBL4825714,J Med Chem,2021,"{'bei': '20.08', 'le': '0.36', 'lle': '1.60', 'sei': '12.56'}",CHEMBL4849143,,CHEMBL4849143,7.92,0,http://www.openphacts.org/units/Nanomolar,3614156,=,1,1,=,,IC50,nM,,12.0,CHEMBL5284,Homo sapiens,CaM-kinase kinase beta,9606,,,IC50,nM,UO_0000065,,12.0
"{'action_type': 'INHIBITOR', 'description': 'Negatively effects (inhibits) the normal functioning of the protein e.g., prevention of enzymatic reaction or activation of downstream pathway', 'parent_type': 'NEGATIVE MODULATOR'}",,23233963,[],CHEMBL4827571,Inhibition of human CAMKK2 using CAMKKtide as substrate assessed as residual activity by [gamma-33P]-ATP assay relative to control,B,,,BAO_0000190,BAO_0000357,single protein format,O=C(O)c1ccc(-c2ncnc3ccccc23)cc1C1CCCC1,,,CHEMBL4825714,J Med Chem,2021,"{'bei': '22.04', 'le': '0.40', 'lle': '2.37', 'sei': '11.13'}",CHEMBL4878827,,CHEMBL4878827,7.02,0,http://www.openphacts.org/units/Nanomolar,3614157,=,1,1,=,,IC50,nM,,96.0,CHEMBL5284,Homo sapiens,CaM-kinase kinase beta,9606,,,IC50,nM,UO_0000065,,96.0
"{'action_type': 'INHIBITOR', 'description': 'Negatively effects (inhibits) the normal functioning of the protein e.g., prevention of enzymatic reaction or activation of downstream pathway', 'parent_type': 'NEGATIVE MODULATOR'}",,23233964,[],CHEMBL4827571,Inhibition of human CAMKK2 using CAMKKtide as substrate assessed as residual activity by [gamma-33P]-ATP assay relative to control,B,,,BAO_0000190,BAO_0000357,single protein format,O=C(O)c1ccc(-c2ccncn2)cc1C1CCCC1,,,CHEMBL4825714,J Med Chem,2021,"{'bei': '28.61', 'le': '0.52', 'lle': '4.18', 'sei': '12.17'}",CHEMBL4876404,,CHEMBL4876404,7.68,0,http://www.openphacts.org/units/Nanomolar,3614160,=,1,1,=,,IC50,nM,,21.0,CHEMBL5284,Homo sapiens,CaM-kinase kinase beta,9606,,,IC50,nM,UO_0000065,,21.0
"{'action_type': 'INHIBITOR', 'description': 'Negatively effects (inhibits) the normal functioning of the protein e.g., prevention of enzymatic reaction or activation of downstream pathway', 'parent_type': 'NEGATIVE MODULATOR'}",,23233965,[],CHEMBL4827571,Inhibition of human CAMKK2 using CAMKKtide as substrate assessed as residual activity by [gamma-33P]-ATP assay relative to control,B,,,BAO_0000190,BAO_0000357,single protein format,O=C(O)c1ccc(-c2ccnc(Nc3ccccc3)n2)cc1C1CCCC1,,,CHEMBL4825714,J Med Chem,2021,"{'bei': '20.29', 'le': '0.37', 'lle': '2.05', 'sei': '9.71'}",CHEMBL4857253,,CHEMBL4857253,7.29,0,http://www.openphacts.org/units/Nanomolar,3614162,=,1,1,=,,IC50,nM,,51.0,CHEMBL5284,Homo sapiens,CaM-kinase kinase beta,9606,,,IC50,nM,UO_0000065,,51.0
"{'action_type': 'INHIBITOR', 'description': 'Negatively effects (inhibits) the normal functioning of the protein e.g., prevention of enzymatic reaction or activation of downstream pathway', 'parent_type': 'NEGATIVE MODULATOR'}",,23233966,[],CHEMBL4827571,Inhibition of human CAMKK2 using CAMKKtide as substrate assessed as residual activity by [gamma-33P]-ATP assay relative to control,B,,,BAO_0000190,BAO_0000357,single protein format,Nc1nccc(-c2ccc(C(=O)O)c(C3CCCC3)c2)n1,,,CHEMBL4825714,J Med Chem,2021,"{'bei': '24.59', 'le': '0.45', 'lle': '3.89', 'sei': '7.82'}",CHEMBL4857601,,CHEMBL4857601,6.97,0,http://www.openphacts.org/units/Nanomolar,3614163,=,1,1,=,,IC50,nM,,108.0,CHEMBL5284,Homo sapiens,CaM-kinase kinase beta,9606,,,IC50,nM,UO_0000065,,108.0
"{'action_type': 'INHIBITOR', 'description': 'Negatively effects (inhibits) the normal functioning of the protein e.g., prevention of enzymatic reaction or activation of downstream pathway', 'parent_type': 'NEGATIVE MODULATOR'}",,23234037,"[{'comments': None, 'relation': '=', 'result_flag': 0, 'standard_relation': '=', 'standard_text_value': None, 'standard_type': 'TIME', 'standard_units': 'hr', 'standard_value': '24.0', 'text_value': None, 'type': 'Time', 'units': 'hrs', 'value': '24.0'}]",CHEMBL4827616,Inhibition of NanoLuc-fused CAMKK2 (unknown origin) expressed in HEK293 cells after 24 hrs by NanoBRET assay,B,,,BAO_0000190,BAO_0000219,cell-based format,O=C(O)c1ccc(-c2c[nH]c3ncc(-c4ccccc4)cc23)cc1C1CCCC1,,,CHEMBL4825714,J Med Chem,2021,,CHEMBL558642,GSK-650394,CHEMBL558642,,0,http://www.openphacts.org/units/Nanomolar,3614153,<,1,1,<,,IC50,nM,,3.0,CHEMBL5284,Homo sapiens,CaM-kinase kinase beta,9606,,,IC50,nM,UO_0000065,,3.0
,Not Determined,23234038,"[{'comments': None, 'relation': '=', 'result_flag': 0, 'standard_relation': '=', 'standard_text_value': None, 'standard_type': 'TIME', 'standard_units': 'hr', 'standard_value': '24.0', 'text_value': None, 'type': 'Time', 'units': 'hrs', 'value': '24.0'}]",CHEMBL4827616,Inhibition of NanoLuc-fused CAMKK2 (unknown origin) expressed in HEK293 cells after 24 hrs by NanoBRET assay,B,,,BAO_0000190,BAO_0000219,cell-based format,O=C(O)c1ccc(-c2c[nH]c3ncccc23)cc1C1CCCC1,,,CHEMBL4825714,J Med Chem,2021,,CHEMBL4125686,,CHEMBL4125686,,0,,3614181,,1,0,,,IC50,,,,CHEMBL5284,Homo sapiens,CaM-kinase kinase beta,9606,,,IC50,,,,
"{'action_type': 'INHIBITOR', 'description': 'Negatively effects (inhibits) the normal functioning of the protein e.g., prevention of enzymatic reaction or activation of downstream pathway', 'parent_type': 'NEGATIVE MODULATOR'}",,23234039,"[{'comments': None, 'relation': '=', 'result_flag': 0, 'standard_relation': '=', 'standard_text_value': None, 'standard_type': 'TIME', 'standard_units': 'hr', 'standard_value': '24.0', 'text_value': None, 'type': 'Time', 'units': 'hrs', 'value': '24.0'}]",CHEMBL4827616,Inhibition of NanoLuc-fused CAMKK2 (unknown origin) expressed in HEK293 cells after 24 hrs by NanoBRET assay,B,,,BAO_0000190,BAO_0000219,cell-based format,O=C(O)c1ccc(-c2coc3ncc(-c4ccccc4)cc23)cc1C1CCCC1,,,CHEMBL4825714,J Med Chem,2021,"{'bei': '16.05', 'le': '0.29', 'lle': '-0.37', 'sei': '9.72'}",CHEMBL4866741,,CHEMBL4866741,6.16,0,http://www.openphacts.org/units/Nanomolar,3614164,=,1,1,=,,IC50,nM,,700.0,CHEMBL5284,Homo sapiens,CaM-kinase kinase beta,9606,,,IC50,nM,UO_0000065,,700.0
"{'action_type': 'INHIBITOR', 'description': 'Negatively effects (inhibits) the normal functioning of the protein e.g., prevention of enzymatic reaction or activation of downstream pathway', 'parent_type': 'NEGATIVE MODULATOR'}",,23234040,"[{'comments': None, 'relation': '=', 'result_flag': 0, 'standard_relation': '=', 'standard_text_value': None, 'standard_type': 'TIME', 'standard_units': 'hr', 'standard_value': '24.0', 'text_value': None, 'type': 'Time', 'units': 'hrs', 'value': '24.0'}]",CHEMBL4827616,Inhibition of NanoLuc-fused CAMKK2 (unknown origin) expressed in HEK293 cells after 24 hrs by NanoBRET assay,B,,,BAO_0000190,BAO_0000219,cell-based format,O=C(O)c1ccc(-c2csc3ncc(-c4ccccc4)cc23)cc1C1CCCC1,,,CHEMBL4825714,J Med Chem,2021,"{'bei': '16.71', 'le': '0.31', 'lle': '-0.31', 'sei': '13.31'}",CHEMBL4875005,,CHEMBL4875005,6.68,0,http://www.openphacts.org/units/Nanomolar,3614166,=,1,1,=,,IC50,nM,,210.0,CHEMBL5284,Homo sapiens,CaM-kinase kinase beta,9606,,,IC50,nM,UO_0000065,,210.0
"{'action_type': 'INHIBITOR', 'description': 'Negatively effects (inhibits) the normal functioning of the protein e.g., prevention of enzymatic reaction or activation of downstream pathway', 'parent_type': 'NEGATIVE MODULATOR'}",,23234041,"[{'comments': None, 'relation': '=', 'result_flag': 0, 'standard_relation': '=', 'standard_text_value': None, 'standard_type': 'TIME', 'standard_units': 'hr', 'standard_value': '24.0', 'text_value': None, 'type': 'Time', 'units': 'hrs', 'value': '24.0'}]",CHEMBL4827616,Inhibition of NanoLuc-fused CAMKK2 (unknown origin) expressed in HEK293 cells after 24 hrs by NanoBRET assay,B,,,BAO_0000190,BAO_0000219,cell-based format,O=C(O)c1ccc(-c2cnn3ccc(-c4ccccc4)cc23)cc1C1CCCC1,,,CHEMBL4825714,J Med Chem,2021,"{'bei': '16.41', 'le': '0.30', 'lle': '0.26', 'sei': '11.49'}",CHEMBL4851892,,CHEMBL4851892,6.28,0,http://www.openphacts.org/units/Nanomolar,3614168,=,1,1,=,,IC50,nM,,530.0,CHEMBL5284,Homo sapiens,CaM-kinase kinase beta,9606,,,IC50,nM,UO_0000065,,530.0
"{'action_type': 'INHIBITOR', 'description': 'Negatively effects (inhibits) the normal functioning of the protein e.g., prevention of enzymatic reaction or activation of downstream pathway', 'parent_type': 'NEGATIVE MODULATOR'}",,23234042,"[{'comments': None, 'relation': '=', 'result_flag': 0, 'standard_relation': '=', 'standard_text_value': None, 'standard_type': 'TIME', 'standard_units': 'hr', 'standard_value': '24.0', 'text_value': None, 'type': 'Time', 'units': 'hrs', 'value': '24.0'}]",CHEMBL4827616,Inhibition of NanoLuc-fused CAMKK2 (unknown origin) expressed in HEK293 cells after 24 hrs by NanoBRET assay,B,,,BAO_0000190,BAO_0000219,cell-based format,O=C(O)c1ccc(-c2cnn3ccccc23)cc1C1CCCC1,,,CHEMBL4825714,J Med Chem,2021,"{'bei': '21.87', 'le': '0.40', 'lle': '2.34', 'sei': '12.27'}",CHEMBL4851925,,CHEMBL4851925,6.70,0,http://www.openphacts.org/units/Nanomolar,3614169,=,1,1,=,,IC50,nM,,200.0,CHEMBL5284,Homo sapiens,CaM-kinase kinase beta,9606,,,IC50,nM,UO_0000065,,200.0
"{'action_type': 'INHIBITOR', 'description': 'Negatively effects (inhibits) the normal functioning of the protein e.g., prevention of enzymatic reaction or activation of downstream pathway', 'parent_type': 'NEGATIVE MODULATOR'}",,23234043,"[{'comments': None, 'relation': '=', 'result_flag': 0, 'standard_relation': '=', 'standard_text_value': None, 'standard_type': 'TIME', 'standard_units': 'hr', 'standard_value': '24.0', 'text_value': None, 'type': 'Time', 'units': 'hrs', 'value': '24.0'}]",CHEMBL4827616,Inhibition of NanoLuc-fused CAMKK2 (unknown origin) expressed in HEK293 cells after 24 hrs by NanoBRET assay,B,,,BAO_0000190,BAO_0000219,cell-based format,O=C(O)c1ccc(-c2cnn3ccc(-c4ccccc4)nc23)cc1C1CCCC1,,,CHEMBL4825714,J Med Chem,2021,"{'bei': '17.53', 'le': '0.32', 'lle': '1.30', 'sei': '9.96'}",CHEMBL4877552,,CHEMBL4877552,6.72,0,http://www.openphacts.org/units/Nanomolar,3614170,=,1,1,=,,IC50,nM,,190.0,CHEMBL5284,Homo sapiens,CaM-kinase kinase beta,9606,,,IC50,nM,UO_0000065,,190.0
"{'action_type': 'INHIBITOR', 'description': 'Negatively effects (inhibits) the normal functioning of the protein e.g., prevention of enzymatic reaction or activation of downstream pathway', 'parent_type': 'NEGATIVE MODULATOR'}",,23234044,"[{'comments': None, 'relation': '=', 'result_flag': 0, 'standard_relation': '=', 'standard_text_value': None, 'standard_type': 'TIME', 'standard_units': 'hr', 'standard_value': '24.0', 'text_value': None, 'type': 'Time', 'units': 'hrs', 'value': '24.0'}]",CHEMBL4827616,Inhibition of NanoLuc-fused CAMKK2 (unknown origin) expressed in HEK293 cells after 24 hrs by NanoBRET assay,B,,,BAO_0000190,BAO_0000219,cell-based format,Cn1c(-c2ccccc2)cc2c(-c3ccc(C(=O)O)c(C4CCCC4)c3)ccnc21,,,CHEMBL4825714,J Med Chem,2021,"{'bei': '16.70', 'le': '0.30', 'lle': '0.36', 'sei': '12.01'}",CHEMBL4869147,,CHEMBL4869147,6.62,0,http://www.openphacts.org/units/Nanomolar,3614174,=,1,1,=,,IC50,nM,,240.0,CHEMBL5284,Homo sapiens,CaM-kinase kinase beta,9606,,,IC50,nM,UO_0000065,,240.0
"{'action_type': 'INHIBITOR', 'description': 'Negatively effects (inhibits) the normal functioning of the protein e.g., prevention of enzymatic reaction or activation of downstream pathway', 'parent_type': 'NEGATIVE MODULATOR'}",,23234045,"[{'comments': None, 'relation': '=', 'result_flag': 0, 'standard_relation': '=', 'standard_text_value': None, 'standard_type': 'TIME', 'standard_units': 'hr', 'standard_value': '24.0', 'text_value': None, 'type': 'Time', 'units': 'hrs', 'value': '24.0'}]",CHEMBL4827616,Inhibition of NanoLuc-fused CAMKK2 (unknown origin) expressed in HEK293 cells after 24 hrs by NanoBRET assay,B,,,BAO_0000190,BAO_0000219,cell-based format,Cn1ccc2c(-c3ccc(C(=O)O)c(C4CCCC4)c3)ccnc21,,,CHEMBL4825714,J Med Chem,2021,"{'bei': '19.75', 'le': '0.36', 'lle': '1.73', 'sei': '11.48'}",CHEMBL4873692,,CHEMBL4873692,6.33,0,http://www.openphacts.org/units/Nanomolar,3614175,=,1,1,=,,IC50,nM,,470.0,CHEMBL5284,Homo sapiens,CaM-kinase kinase beta,9606,,,IC50,nM,UO_0000065,,470.0
"{'action_type': 'INHIBITOR', 'description': 'Negatively effects (inhibits) the normal functioning of the protein e.g., prevention of enzymatic reaction or activation of downstream pathway', 'parent_type': 'NEGATIVE MODULATOR'}",,23234046,"[{'comments': None, 'relation': '=', 'result_flag': 0, 'standard_relation': '=', 'standard_text_value': None, 'standard_type': 'TIME', 'standard_units': 'hr', 'standard_value': '24.0', 'text_value': None, 'type': 'Time', 'units': 'hrs', 'value': '24.0'}]",CHEMBL4827616,Inhibition of NanoLuc-fused CAMKK2 (unknown origin) expressed in HEK293 cells after 24 hrs by NanoBRET assay,B,,,BAO_0000190,BAO_0000219,cell-based format,O=C(O)c1ccc(-c2ccnc3[nH]c(-c4ccccc4)nc23)cc1C1CCCC1,,,CHEMBL4825714,J Med Chem,2021,"{'bei': '21.10', 'le': '0.38', 'lle': '2.44', 'sei': '10.26'}",CHEMBL4870467,,CHEMBL4870467,8.09,0,http://www.openphacts.org/units/Nanomolar,3614176,=,1,1,=,,IC50,nM,,8.1,CHEMBL5284,Homo sapiens,CaM-kinase kinase beta,9606,,,IC50,nM,UO_0000065,,8.1
"{'action_type': 'INHIBITOR', 'description': 'Negatively effects (inhibits) the normal functioning of the protein e.g., prevention of enzymatic reaction or activation of downstream pathway', 'parent_type': 'NEGATIVE MODULATOR'}",,23234047,"[{'comments': None, 'relation': '=', 'result_flag': 0, 'standard_relation': '=', 'standard_text_value': None, 'standard_type': 'TIME', 'standard_units': 'hr', 'standard_value': '24.0', 'text_value': None, 'type': 'Time', 'units': 'hrs', 'value': '24.0'}]",CHEMBL4827616,Inhibition of NanoLuc-fused CAMKK2 (unknown origin) expressed in HEK293 cells after 24 hrs by NanoBRET assay,B,,,BAO_0000190,BAO_0000219,cell-based format,O=C(O)c1ccc(-c2ncnc3ccsc23)cc1C1CCCC1,,,CHEMBL4825714,J Med Chem,2021,"{'bei': '20.87', 'le': '0.40', 'lle': '2.06', 'sei': '10.73'}",CHEMBL4862562,,CHEMBL4862562,6.77,0,http://www.openphacts.org/units/Nanomolar,3614179,=,1,1,=,,IC50,nM,,170.0,CHEMBL5284,Homo sapiens,CaM-kinase kinase beta,9606,,,IC50,nM,UO_0000065,,170.0
"{'action_type': 'INHIBITOR', 'description': 'Negatively effects (inhibits) the normal functioning of the protein e.g., prevention of enzymatic reaction or activation of downstream pathway', 'parent_type': 'NEGATIVE MODULATOR'}",,23234048,"[{'comments': None, 'relation': '=', 'result_flag': 0, 'standard_relation': '=', 'standard_text_value': None, 'standard_type': 'TIME', 'standard_units': 'hr', 'standard_value': '24.0', 'text_value': None, 'type': 'Time', 'units': 'hrs', 'value': '24.0'}]",CHEMBL4827616,Inhibition of NanoLuc-fused CAMKK2 (unknown origin) expressed in HEK293 cells after 24 hrs by NanoBRET assay,B,,,BAO_0000190,BAO_0000219,cell-based format,O=C(O)c1ccc(-c2ncnc3sccc23)cc1C1CCCC1,,,CHEMBL4825714,J Med Chem,2021,"{'bei': '18.05', 'le': '0.35', 'lle': '1.14', 'sei': '9.28'}",CHEMBL4853274,,CHEMBL4853274,5.85,0,http://www.openphacts.org/units/Nanomolar,3614183,=,1,1,=,,IC50,nM,,1400.0,CHEMBL5284,Homo sapiens,CaM-kinase kinase beta,9606,,,IC50,nM,UO_0000065,,1400.0
"{'action_type': 'INHIBITOR', 'description': 'Negatively effects (inhibits) the normal functioning of the protein e.g., prevention of enzymatic reaction or activation of downstream pathway', 'parent_type': 'NEGATIVE MODULATOR'}",,23234049,"[{'comments': None, 'relation': '=', 'result_flag': 0, 'standard_relation': '=', 'standard_text_value': None, 'standard_type': 'TIME', 'standard_units': 'hr', 'standard_value': '24.0', 'text_value': None, 'type': 'Time', 'units': 'hrs', 'value': '24.0'}]",CHEMBL4827616,Inhibition of NanoLuc-fused CAMKK2 (unknown origin) expressed in HEK293 cells after 24 hrs by NanoBRET assay,B,,,BAO_0000190,BAO_0000219,cell-based format,O=C(O)c1ccc(-c2ccnc3ccc(-c4ccccc4)cc23)cc1C1CCCC1,,,CHEMBL4825714,J Med Chem,2021,"{'bei': '15.93', 'le': '0.29', 'lle': '-0.65', 'sei': '12.49'}",CHEMBL4877634,,CHEMBL4877634,6.27,0,http://www.openphacts.org/units/Nanomolar,3614154,=,1,1,=,,IC50,nM,,540.0,CHEMBL5284,Homo sapiens,CaM-kinase kinase beta,9606,,,IC50,nM,UO_0000065,,540.0
"{'action_type': 'INHIBITOR', 'description': 'Negatively effects (inhibits) the normal functioning of the protein e.g., prevention of enzymatic reaction or activation of downstream pathway', 'parent_type': 'NEGATIVE MODULATOR'}",,23234050,"[{'comments': None, 'relation': '=', 'result_flag': 0, 'standard_relation': '=', 'standard_text_value': None, 'standard_type': 'TIME', 'standard_units': 'hr', 'standard_value': '24.0', 'text_value': None, 'type': 'Time', 'units': 'hrs', 'value': '24.0'}]",CHEMBL4827616,Inhibition of NanoLuc-fused CAMKK2 (unknown origin) expressed in HEK293 cells after 24 hrs by NanoBRET assay,B,,,BAO_0000190,BAO_0000219,cell-based format,O=C(O)c1ccc(-c2ccnc3ccccc23)cc1C1CCCC1,,,CHEMBL4825714,J Med Chem,2021,"{'bei': '21.59', 'le': '0.39', 'lle': '1.59', 'sei': '13.66'}",CHEMBL4852523,,CHEMBL4852523,6.85,0,http://www.openphacts.org/units/Nanomolar,3614155,=,1,1,=,,IC50,nM,,140.0,CHEMBL5284,Homo sapiens,CaM-kinase kinase beta,9606,,,IC50,nM,UO_0000065,,140.0
"{'action_type': 'INHIBITOR', 'description': 'Negatively effects (inhibits) the normal functioning of the protein e.g., prevention of enzymatic reaction or activation of downstream pathway', 'parent_type': 'NEGATIVE MODULATOR'}",,23234051,"[{'comments': None, 'relation': '=', 'result_flag': 0, 'standard_relation': '=', 'standard_text_value': None, 'standard_type': 'TIME', 'standard_units': 'hr', 'standard_value': '24.0', 'text_value': None, 'type': 'Time', 'units': 'hrs', 'value': '24.0'}]",CHEMBL4827616,Inhibition of NanoLuc-fused CAMKK2 (unknown origin) expressed in HEK293 cells after 24 hrs by NanoBRET assay,B,,,BAO_0000190,BAO_0000219,cell-based format,O=C(O)c1ccc(-c2ncnc3ccc(-c4ccccc4)cc23)cc1C1CCCC1,,,CHEMBL4825714,J Med Chem,2021,"{'bei': '15.34', 'le': '0.28', 'lle': '-0.27', 'sei': '9.59'}",CHEMBL4849143,,CHEMBL4849143,6.05,0,http://www.openphacts.org/units/Nanomolar,3614156,=,1,1,=,,IC50,nM,,890.0,CHEMBL5284,Homo sapiens,CaM-kinase kinase beta,9606,,,IC50,nM,UO_0000065,,890.0
"{'action_type': 'INHIBITOR', 'description': 'Negatively effects (inhibits) the normal functioning of the protein e.g., prevention of enzymatic reaction or activation of downstream pathway', 'parent_type': 'NEGATIVE MODULATOR'}",,23234052,"[{'comments': None, 'relation': '=', 'result_flag': 0, 'standard_relation': '=', 'standard_text_value': None, 'standard_type': 'TIME', 'standard_units': 'hr', 'standard_value': '24.0', 'text_value': None, 'type': 'Time', 'units': 'hrs', 'value': '24.0'}]",CHEMBL4827616,Inhibition of NanoLuc-fused CAMKK2 (unknown origin) expressed in HEK293 cells after 24 hrs by NanoBRET assay,B,,,BAO_0000190,BAO_0000219,cell-based format,O=C(O)c1ccc(-c2ncnc3ccccc23)cc1C1CCCC1,,,CHEMBL4825714,J Med Chem,2021,"{'bei': '17.97', 'le': '0.33', 'lle': '1.07', 'sei': '9.07'}",CHEMBL4878827,,CHEMBL4878827,5.72,0,http://www.openphacts.org/units/Nanomolar,3614157,=,1,1,=,,IC50,nM,,1900.0,CHEMBL5284,Homo sapiens,CaM-kinase kinase beta,9606,,,IC50,nM,UO_0000065,,1900.0
"{'action_type': 'INHIBITOR', 'description': 'Negatively effects (inhibits) the normal functioning of the protein e.g., prevention of enzymatic reaction or activation of downstream pathway', 'parent_type': 'NEGATIVE MODULATOR'}",,23234053,"[{'comments': None, 'relation': '=', 'result_flag': 0, 'standard_relation': '=', 'standard_text_value': None, 'standard_type': 'TIME', 'standard_units': 'hr', 'standard_value': '24.0', 'text_value': None, 'type': 'Time', 'units': 'hrs', 'value': '24.0'}]",CHEMBL4827616,Inhibition of NanoLuc-fused CAMKK2 (unknown origin) expressed in HEK293 cells after 24 hrs by NanoBRET assay,B,,,BAO_0000190,BAO_0000219,cell-based format,O=C(O)c1ccc(-c2ccncn2)cc1C1CCCC1,,,CHEMBL4825714,J Med Chem,2021,"{'bei': '24.36', 'le': '0.45', 'lle': '3.04', 'sei': '10.36'}",CHEMBL4876404,,CHEMBL4876404,6.54,0,http://www.openphacts.org/units/Nanomolar,3614160,=,1,1,=,,IC50,nM,,290.0,CHEMBL5284,Homo sapiens,CaM-kinase kinase beta,9606,,,IC50,nM,UO_0000065,,290.0
"{'action_type': 'INHIBITOR', 'description': 'Negatively effects (inhibits) the normal functioning of the protein e.g., prevention of enzymatic reaction or activation of downstream pathway', 'parent_type': 'NEGATIVE MODULATOR'}",,23234054,"[{'comments': None, 'relation': '=', 'result_flag': 0, 'standard_relation': '=', 'standard_text_value': None, 'standard_type': 'TIME', 'standard_units': 'hr', 'standard_value': '24.0', 'text_value': None, 'type': 'Time', 'units': 'hrs', 'value': '24.0'}]",CHEMBL4827616,Inhibition of NanoLuc-fused CAMKK2 (unknown origin) expressed in HEK293 cells after 24 hrs by NanoBRET assay,B,,,BAO_0000190,BAO_0000219,cell-based format,O=C(O)c1ccc(-c2ccnc(Nc3ccccc3)n2)cc1C1CCCC1,,,CHEMBL4825714,J Med Chem,2021,,CHEMBL4857253,,CHEMBL4857253,,0,http://www.openphacts.org/units/Nanomolar,3614162,<,1,1,<,,IC50,nM,,3.0,CHEMBL5284,Homo sapiens,CaM-kinase kinase beta,9606,,,IC50,nM,UO_0000065,,3.0
"{'action_type': 'INHIBITOR', 'description': 'Negatively effects (inhibits) the normal functioning of the protein e.g., prevention of enzymatic reaction or activation of downstream pathway', 'parent_type': 'NEGATIVE MODULATOR'}",,23234055,"[{'comments': None, 'relation': '=', 'result_flag': 0, 'standard_relation': '=', 'standard_text_value': None, 'standard_type': 'TIME', 'standard_units': 'hr', 'standard_value': '24.0', 'text_value': None, 'type': 'Time', 'units': 'hrs', 'value': '24.0'}]",CHEMBL4827616,Inhibition of NanoLuc-fused CAMKK2 (unknown origin) expressed in HEK293 cells after 24 hrs by NanoBRET assay,B,,,BAO_0000190,BAO_0000219,cell-based format,Nc1nccc(-c2ccc(C(=O)O)c(C3CCCC3)c2)n1,,,CHEMBL4825714,J Med Chem,2021,"{'bei': '21.26', 'le': '0.39', 'lle': '2.94', 'sei': '6.76'}",CHEMBL4857601,,CHEMBL4857601,6.02,0,http://www.openphacts.org/units/Nanomolar,3614163,=,1,1,=,,IC50,nM,,950.0,CHEMBL5284,Homo sapiens,CaM-kinase kinase beta,9606,,,IC50,nM,UO_0000065,,950.0
"{'action_type': 'INHIBITOR', 'description': 'Negatively effects (inhibits) the normal functioning of the protein e.g., prevention of enzymatic reaction or activation of downstream pathway', 'parent_type': 'NEGATIVE MODULATOR'}",,23234098,"[{'comments': None, 'relation': '=', 'result_flag': 0, 'standard_relation': '=', 'standard_text_value': None, 'standard_type': 'TIME', 'standard_units': 'hr', 'standard_value': '24.0', 'text_value': None, 'type': 'Time', 'units': 'hrs', 'value': '24.0'}]",CHEMBL4827620,Inhibition of CAMKK2 in human LNCaP C4-2 cells assessed as reduction AMPK phosphorylation at Thr172 incubated for 24 hrs by Western blot analysis,B,,,BAO_0000190,BAO_0000219,cell-based format,O=C(O)c1ccc(-c2c[nH]c3ncccc23)cc1C1CCCC1,,,CHEMBL4825714,J Med Chem,2021,"{'bei': '17.17', 'le': '0.31', 'lle': '0.67', 'sei': '7.97'}",CHEMBL4125686,,CHEMBL4125686,5.26,0,http://www.openphacts.org/units/Nanomolar,3614181,=,1,1,=,,IC50,nM,,5500.0,CHEMBL5284,Homo sapiens,CaM-kinase kinase beta,9606,,,IC50,nM,UO_0000065,,5500.0
"{'action_type': 'INHIBITOR', 'description': 'Negatively effects (inhibits) the normal functioning of the protein e.g., prevention of enzymatic reaction or activation of downstream pathway', 'parent_type': 'NEGATIVE MODULATOR'}",,23234099,"[{'comments': None, 'relation': '=', 'result_flag': 0, 'standard_relation': '=', 'standard_text_value': None, 'standard_type': 'TIME', 'standard_units': 'hr', 'standard_value': '24.0', 'text_value': None, 'type': 'Time', 'units': 'hrs', 'value': '24.0'}]",CHEMBL4827620,Inhibition of CAMKK2 in human LNCaP C4-2 cells assessed as reduction AMPK phosphorylation at Thr172 incubated for 24 hrs by Western blot analysis,B,,,BAO_0000190,BAO_0000219,cell-based format,O=C(O)c1ccc(-c2cnn3ccc(-c4ccccc4)nc23)cc1C1CCCC1,,,CHEMBL4825714,J Med Chem,2021,"{'bei': '15.77', 'le': '0.28', 'lle': '0.63', 'sei': '8.96'}",CHEMBL4877552,,CHEMBL4877552,6.05,0,http://www.openphacts.org/units/Nanomolar,3614170,=,1,1,=,,IC50,nM,,900.0,CHEMBL5284,Homo sapiens,CaM-kinase kinase beta,9606,,,IC50,nM,UO_0000065,,900.0
"{'action_type': 'INHIBITOR', 'description': 'Negatively effects (inhibits) the normal functioning of the protein e.g., prevention of enzymatic reaction or activation of downstream pathway', 'parent_type': 'NEGATIVE MODULATOR'}",,23234100,"[{'comments': None, 'relation': '=', 'result_flag': 0, 'standard_relation': '=', 'standard_text_value': None, 'standard_type': 'TIME', 'standard_units': 'hr', 'standard_value': '24.0', 'text_value': None, 'type': 'Time', 'units': 'hrs', 'value': '24.0'}]",CHEMBL4827620,Inhibition of CAMKK2 in human LNCaP C4-2 cells assessed as reduction AMPK phosphorylation at Thr172 incubated for 24 hrs by Western blot analysis,B,,,BAO_0000190,BAO_0000219,cell-based format,Cn1c(-c2ccccc2)cc2c(-c3ccc(C(=O)O)c(C4CCCC4)c3)ccnc21,,,CHEMBL4825714,J Med Chem,2021,"{'bei': '15.15', 'le': '0.27', 'lle': '-0.25', 'sei': '10.90'}",CHEMBL4869147,,CHEMBL4869147,6.01,0,http://www.openphacts.org/units/Nanomolar,3614174,=,1,1,=,,IC50,nM,,980.0,CHEMBL5284,Homo sapiens,CaM-kinase kinase beta,9606,,,IC50,nM,UO_0000065,,980.0
"{'action_type': 'INHIBITOR', 'description': 'Negatively effects (inhibits) the normal functioning of the protein e.g., prevention of enzymatic reaction or activation of downstream pathway', 'parent_type': 'NEGATIVE MODULATOR'}",,23234101,"[{'comments': None, 'relation': '=', 'result_flag': 0, 'standard_relation': '=', 'standard_text_value': None, 'standard_type': 'TIME', 'standard_units': 'hr', 'standard_value': '24.0', 'text_value': None, 'type': 'Time', 'units': 'hrs', 'value': '24.0'}]",CHEMBL4827620,Inhibition of CAMKK2 in human LNCaP C4-2 cells assessed as reduction AMPK phosphorylation at Thr172 incubated for 24 hrs by Western blot analysis,B,,,BAO_0000190,BAO_0000219,cell-based format,O=C(O)c1ccc(-c2ccnc3[nH]c(-c4ccccc4)nc23)cc1C1CCCC1,,,CHEMBL4825714,J Med Chem,2021,"{'bei': '14.98', 'le': '0.27', 'lle': '0.09', 'sei': '7.28'}",CHEMBL4870467,,CHEMBL4870467,5.75,0,http://www.openphacts.org/units/Nanomolar,3614176,=,1,1,=,,IC50,nM,,1800.0,CHEMBL5284,Homo sapiens,CaM-kinase kinase beta,9606,,,IC50,nM,UO_0000065,,1800.0
"{'action_type': 'INHIBITOR', 'description': 'Negatively effects (inhibits) the normal functioning of the protein e.g., prevention of enzymatic reaction or activation of downstream pathway', 'parent_type': 'NEGATIVE MODULATOR'}",,23234102,"[{'comments': None, 'relation': '=', 'result_flag': 0, 'standard_relation': '=', 'standard_text_value': None, 'standard_type': 'TIME', 'standard_units': 'hr', 'standard_value': '24.0', 'text_value': None, 'type': 'Time', 'units': 'hrs', 'value': '24.0'}]",CHEMBL4827620,Inhibition of CAMKK2 in human LNCaP C4-2 cells assessed as reduction AMPK phosphorylation at Thr172 incubated for 24 hrs by Western blot analysis,B,,,BAO_0000190,BAO_0000219,cell-based format,O=C(O)c1ccc(-c2ncnc3ccsc23)cc1C1CCCC1,,,CHEMBL4825714,J Med Chem,2021,"{'bei': '15.70', 'le': '0.30', 'lle': '0.38', 'sei': '8.07'}",CHEMBL4862562,,CHEMBL4862562,5.09,0,http://www.openphacts.org/units/Nanomolar,3614179,=,1,1,=,,IC50,nM,,8100.0,CHEMBL5284,Homo sapiens,CaM-kinase kinase beta,9606,,,IC50,nM,UO_0000065,,8100.0
"{'action_type': 'INHIBITOR', 'description': 'Negatively effects (inhibits) the normal functioning of the protein e.g., prevention of enzymatic reaction or activation of downstream pathway', 'parent_type': 'NEGATIVE MODULATOR'}",,23234103,"[{'comments': None, 'relation': '=', 'result_flag': 0, 'standard_relation': '=', 'standard_text_value': None, 'standard_type': 'TIME', 'standard_units': 'hr', 'standard_value': '24.0', 'text_value': None, 'type': 'Time', 'units': 'hrs', 'value': '24.0'}]",CHEMBL4827620,Inhibition of CAMKK2 in human LNCaP C4-2 cells assessed as reduction AMPK phosphorylation at Thr172 incubated for 24 hrs by Western blot analysis,B,,,BAO_0000190,BAO_0000219,cell-based format,O=C(O)c1ccc(-c2ccnc3ccccc23)cc1C1CCCC1,,,CHEMBL4825714,J Med Chem,2021,"{'bei': '20.19', 'le': '0.36', 'lle': '1.15', 'sei': '12.77'}",CHEMBL4852523,,CHEMBL4852523,6.41,0,http://www.openphacts.org/units/Nanomolar,3614155,=,1,1,=,,IC50,nM,,390.0,CHEMBL5284,Homo sapiens,CaM-kinase kinase beta,9606,,,IC50,nM,UO_0000065,,390.0
"{'action_type': 'INHIBITOR', 'description': 'Negatively effects (inhibits) the normal functioning of the protein e.g., prevention of enzymatic reaction or activation of downstream pathway', 'parent_type': 'NEGATIVE MODULATOR'}",,23234104,"[{'comments': None, 'relation': '=', 'result_flag': 0, 'standard_relation': '=', 'standard_text_value': None, 'standard_type': 'TIME', 'standard_units': 'hr', 'standard_value': '24.0', 'text_value': None, 'type': 'Time', 'units': 'hrs', 'value': '24.0'}]",CHEMBL4827620,Inhibition of CAMKK2 in human LNCaP C4-2 cells assessed as reduction AMPK phosphorylation at Thr172 incubated for 24 hrs by Western blot analysis,B,,,BAO_0000190,BAO_0000219,cell-based format,O=C(O)c1ccc(-c2ccncn2)cc1C1CCCC1,,,CHEMBL4825714,J Med Chem,2021,"{'bei': '22.74', 'le': '0.42', 'lle': '2.60', 'sei': '9.67'}",CHEMBL4876404,,CHEMBL4876404,6.10,0,http://www.openphacts.org/units/Nanomolar,3614160,=,1,1,=,,IC50,nM,,790.0,CHEMBL5284,Homo sapiens,CaM-kinase kinase beta,9606,,,IC50,nM,UO_0000065,,790.0
"{'action_type': 'INHIBITOR', 'description': 'Negatively effects (inhibits) the normal functioning of the protein e.g., prevention of enzymatic reaction or activation of downstream pathway', 'parent_type': 'NEGATIVE MODULATOR'}",,23234105,"[{'comments': None, 'relation': '=', 'result_flag': 0, 'standard_relation': '=', 'standard_text_value': None, 'standard_type': 'TIME', 'standard_units': 'hr', 'standard_value': '24.0', 'text_value': None, 'type': 'Time', 'units': 'hrs', 'value': '24.0'}]",CHEMBL4827620,Inhibition of CAMKK2 in human LNCaP C4-2 cells assessed as reduction AMPK phosphorylation at Thr172 incubated for 24 hrs by Western blot analysis,B,,,BAO_0000190,BAO_0000219,cell-based format,O=C(O)c1ccc(-c2ccnc(Nc3ccccc3)n2)cc1C1CCCC1,,,CHEMBL4825714,J Med Chem,2021,,CHEMBL4857253,,CHEMBL4857253,,0,http://www.openphacts.org/units/Nanomolar,3614162,<,1,1,<,,IC50,nM,,39.0,CHEMBL5284,Homo sapiens,CaM-kinase kinase beta,9606,,,IC50,nM,UO_0000065,,39.0
,,23373714,"[{'comments': None, 'relation': None, 'result_flag': 0, 'standard_relation': None, 'standard_text_value': None, 'standard_type': 'Compound concentration', 'standard_units': 'M', 'standard_value': '1.0', 'text_value': None, 'type': 'Compound concentration', 'units': 'M', 'value': '1.0'}]",CHEMBL4885491,CAMKK2(CAK2LGT5) Takeda global kinase panel,B,,,BAO_0000190,BAO_0000357,single protein format,CN1C(=O)[C@@H](N2CCc3cn(CC4CCS(=O)(=O)CC4)nc3C2=O)COc2ccccc21,,,CHEMBL4507327,,2021,,CHEMBL4097778,TP-030n,CHEMBL4097778,,0,http://www.openphacts.org/units/Nanomolar,3489319,,54,1,,,IC50,nM,,1000.0,CHEMBL5284,Homo sapiens,CaM-kinase kinase beta,9606,,,pIC50,,UO_0000065,,6.0
,,24953854,"[{'comments': None, 'relation': None, 'result_flag': 0, 'standard_relation': None, 'standard_text_value': 'https://www.thesgc.org/chemical-probes/SGC-CAMKK2-1', 'standard_type': 'Affinity Phenotypic Cellular Source Knowledge', 'standard_units': None, 'standard_value': None, 'text_value': 'https://www.thesgc.org/chemical-probes/SGC-CAMKK2-1', 'type': 'Affinity Phenotypic Cellular Source Knowledge', 'units': None, 'value': None}]",CHEMBL5210020,Affinity Phenotypic Cellular interaction (Western Blot (downstream phosphorylation of AMPK in C4-2 cells)) EUB0000168b CAMKK2,B,,,BAO_0000190,BAO_0000219,cell-based format,O=C(O)c1ccc(-c2coc3ncc(-c4ccccc4)cc23)cc1Cl,,,CHEMBL5209897,,2023,,CHEMBL4787282,,CHEMBL4787282,,0,http://www.openphacts.org/units/Nanomolar,3897706,>,65,1,>,,IC50,nM,,10000.0,CHEMBL5284,Homo sapiens,CaM-kinase kinase beta,9606,,,IC50,nM,UO_0000065,,10000.0
"{'action_type': 'INHIBITOR', 'description': 'Negatively effects (inhibits) the normal functioning of the protein e.g., prevention of enzymatic reaction or activation of downstream pathway', 'parent_type': 'NEGATIVE MODULATOR'}",,24953858,"[{'comments': None, 'relation': None, 'result_flag': 0, 'standard_relation': None, 'standard_text_value': 'https://www.thesgc.org/chemical-probes/SGC-CAMKK2-1', 'standard_type': 'Affinity Phenotypic Cellular Source Knowledge', 'standard_units': None, 'standard_value': None, 'text_value': 'https://www.thesgc.org/chemical-probes/SGC-CAMKK2-1', 'type': 'Affinity Phenotypic Cellular Source Knowledge', 'units': None, 'value': None}]",CHEMBL5210024,Affinity Phenotypic Cellular interaction (Western Blot (downstream phosphorylation of AMPK in C4-2 cells)) EUB0000167b CAMKK2,B,,,BAO_0000190,BAO_0000219,cell-based format,Cc1cccc(-c2cnc3occ(-c4ccc(C(=O)O)c(C5CCCC5)c4)c3c2)c1,,,CHEMBL5209897,,2023,"{'bei': '14.58', 'le': '0.26', 'lle': '-1.03', 'sei': '9.15'}",CHEMBL4745471,,CHEMBL4745471,5.80,0,http://www.openphacts.org/units/Nanomolar,3897709,=,65,1,=,,IC50,nM,,1600.0,CHEMBL5284,Homo sapiens,CaM-kinase kinase beta,9606,,,IC50,nM,UO_0000065,,1600.0
,,24954346,"[{'comments': None, 'relation': None, 'result_flag': 0, 'standard_relation': None, 'standard_text_value': 'https://www.thesgc.org/chemical-probes/SGC-CAMKK2-1', 'standard_type': 'Affinity Biochemical Source Knowledge', 'standard_units': None, 'standard_value': None, 'text_value': 'https://www.thesgc.org/chemical-probes/SGC-CAMKK2-1', 'type': 'Affinity Biochemical Source Knowledge', 'units': None, 'value': None}]",CHEMBL5210464,Affinity Biochemical interaction (Enzymatic activity assay) EUB0000168b CAMKK2,B,,,BAO_0000190,BAO_0000357,single protein format,O=C(O)c1ccc(-c2coc3ncc(-c4ccccc4)cc23)cc1Cl,,,CHEMBL5210307,,2023,,CHEMBL4787282,,CHEMBL4787282,,0,http://www.openphacts.org/units/Nanomolar,3898032,>,65,1,>,,IC50,nM,,27000.0,CHEMBL5284,Homo sapiens,CaM-kinase kinase beta,9606,,,IC50,nM,UO_0000065,,27000.0
"{'action_type': 'INHIBITOR', 'description': 'Negatively effects (inhibits) the normal functioning of the protein e.g., prevention of enzymatic reaction or activation of downstream pathway', 'parent_type': 'NEGATIVE MODULATOR'}",,24954353,"[{'comments': None, 'relation': None, 'result_flag': 0, 'standard_relation': None, 'standard_text_value': 'https://www.thesgc.org/chemical-probes/SGC-CAMKK2-1', 'standard_type': 'Affinity Biochemical Source Knowledge', 'standard_units': None, 'standard_value': None, 'text_value': 'https://www.thesgc.org/chemical-probes/SGC-CAMKK2-1', 'type': 'Affinity Biochemical Source Knowledge', 'units': None, 'value': None}]",CHEMBL5210471,Affinity Biochemical interaction (Enzymatic activity assay) EUB0000167b CAMKK2,B,,,BAO_0000190,BAO_0000357,single protein format,Cc1cccc(-c2cnc3occ(-c4ccc(C(=O)O)c(C5CCCC5)c4)c3c2)c1,,,CHEMBL5210307,,2023,"{'bei': '18.93', 'le': '0.34', 'lle': '0.69', 'sei': '11.88'}",CHEMBL4745471,,CHEMBL4745471,7.52,0,http://www.openphacts.org/units/Nanomolar,3898037,=,65,1,=,,IC50,nM,,30.0,CHEMBL5284,Homo sapiens,CaM-kinase kinase beta,9606,,,IC50,nM,UO_0000065,,30.0
,,24958002,"[{'comments': None, 'relation': None, 'result_flag': 0, 'standard_relation': None, 'standard_text_value': 'CellTiter-Glo luminescent cell viability assay (cellular proliferation in cancer cells): IC50(TNBC cell line Cal-51) = 6 nM, IC50(BTB-474) = 6970 nM, PMID: 28991472;', 'standard_type': 'Selectivity Comments', 'standard_units': None, 'standard_value': None, 'text_value': 'CellTiter-Glo luminescent cell viability assay (cellular proliferation in cancer cells): IC50(TNBC cell line Cal-51) = 6 nM, IC50(BTB-474) = 6970 nM, PMID: 28991472;', 'type': 'Selectivity Comments', 'units': None, 'value': None}, {'comments': None, 'relation': None, 'result_flag': 0, 'standard_relation': None, 'standard_text_value': 'Cellular potency', 'standard_type': 'Selectivity Remarks', 'standard_units': None, 'standard_value': None, 'text_value': 'Cellular potency', 'type': 'Selectivity Remarks', 'units': None, 'value': None}, {'comments': None, 'relation': None, 'result_flag': 0, 'standard_relation': None, 'standard_text_value': 'https://doi.org/10.1021/acs.jmedchem.7b01223', 'standard_type': 'Selectivity Source Knowledge', 'standard_units': None, 'standard_value': None, 'text_value': 'https://doi.org/10.1021/acs.jmedchem.7b01223', 'type': 'Selectivity Source Knowledge', 'units': None, 'value': None}]",CHEMBL5213074,Selectivity interaction (ActivX KiNative profiling assay (in HCT-116 cell line (CRL-1619))) EUB0000642a CAMKK2,B,,,BAO_0000190,BAO_0000019,assay format,CNC(=O)c1ccc(Nc2nc(OC3CCCC3)c3c(-c4ccc5nc(C)oc5c4)c[nH]c3n2)c(OC)c1,,,CHEMBL5212743,,2023,"{'bei': '11.62', 'le': '0.21', 'lle': '0.45', 'sei': '4.68'}",CHEMBL4062218,,CHEMBL4062218,5.96,0,http://www.openphacts.org/units/Nanomolar,3898372,=,65,1,=,,IC50,nM,,1100.0,CHEMBL5284,Homo sapiens,CaM-kinase kinase beta,9606,,,IC50,uM,UO_0000065,,1.1
